110,0.03:15,0.03:35,Pomona,0.03:15,0:00:20,Pomona
110,0.03:35,0.04:10,Pomona,0.03:35,0:00:35,CiGL
110,0.05:22,0.05:24,EMS,0.05:22,0:00:02,EMSLO
110,0.05:43,0.05:45,EMSLO,0.05:43,0:00:02,EMS
110,0.07:04,0.07:09,CiGL,0.07:04,0:00:05,GrPR
110,0.08:55,0.09:50,9thHo,0.08:55,0:00:55,Pomona
144,0.12:00,0.12:20,Pomona,0.12:00,0:00:20,Pomona
144,0.12:20,0.12:30,Pomona,0.12:20,0:00:10,PTC
144,0.13:41,0.13:45,PHM,0.13:41,0:00:04,PHMLO
144,0.14:14,0.14:15,PHMLO,0.14:14,0:00:01,PHM
144,0.15:26,0.15:37,PTC,0.15:26,0:00:11,VaLO
144,0.16:23,0.16:25,VaLO,0.16:23,0:00:02,TeSC
144,0.17:15,0.17:19,PHM,0.17:15,0:00:04,PHMLO
144,0.17:24,0.17:25,PHMLO,0.17:24,0:00:01,PHM
144,0.18:13,0.18:17,TeSC,0.18:13,0:00:04,VaLO
144,0.18:33,0.18:35,VaLO,0.18:33,0:00:02,TeSC
144,0.19:38,0.19:40,EMS,0.19:38,0:00:02,EMSLO
144,0.19:48,0.19:50,EMSLO,0.19:48,0:00:02,EMS
144,0.20:49,0.21:04,TeSC,0.20:49,0:00:15,Pomona
1,0.03:25,0.03:45,Pomona,0.03:25,0:00:20,Pomona
1,0.03:45,0.04:00,Pomona,0.03:45,0:00:15,MTC
1,0.05:12,0.05:47,9thHo,0.05:12,0:00:35,EMSLO
1,0.05:58,0.06:00,EMSLO,0.05:58,0:00:02,EMS
1,0.07:37,0.07:39,MTC,0.07:37,0:00:02,MTCLO
1,0.07:58,0.08:00,MTCLO,0.07:58,0:00:02,MTC
1,0.08:50,0.08:52,PTC,0.08:50,0:00:02,PTCLO
1,0.09:28,0.09:30,PTCLO,0.09:28,0:00:02,PTC
1,0.11:29,0.11:39,PTC,0.11:29,0:00:10,Pomona
106,0.12:35,0.12:55,Pomona,0.12:35,0:00:20,Pomona
106,0.12:55,0.14:05,Pomona,0.12:55,0:01:10,Fi9t
106,0.15:29,0.15:46,MTC,0.15:29,0:00:17,PTCLO
106,0.15:58,0.16:00,PTCLO,0.15:58,0:00:02,PTC
106,0.16:55,0.16:57,MTC,0.16:55,0:00:02,MTCLO
106,0.17:33,0.17:35,MTCLO,0.17:33,0:00:02,MTC
106,0.19:18,0.19:20,EMS,0.19:18,0:00:02,EMSLO
106,0.19:28,0.19:30,EMSLO,0.19:28,0:00:02,EMS
106,0.21:06,0.21:21,MTC,0.21:06,0:00:15,Pomona
3,0.03:30,0.03:50,Pomona,0.03:30,0:00:20,Pomona
3,0.03:50,0.04:00,Pomona,0.03:50,0:00:10,PTC
3,0.04:58,0.05:02,PHM,0.04:58,0:00:04,PHMLO
3,0.05:44,0.05:45,PHMLO,0.05:44,0:00:01,PHM
3,0.06:22,0.06:24,EMS,0.06:22,0:00:02,EMSLO
3,0.06:31,0.06:33,EMSLO,0.06:31,0:00:02,EMS
3,0.07:36,0.07:40,TeSC,0.07:36,0:00:04,VaLO
3,0.08:00,0.08:02,VaLO,0.08:00,0:00:02,TeSC
3,0.09:06,0.09:08,EMS,0.09:06,0:00:02,EMSLO
3,0.09:13,0.09:15,EMSLO,0.09:13,0:00:02,EMS
3,0.10:16,0.10:20,TeSC,0.10:16,0:00:04,VaLO
3,0.10:20,0.10:28,VaLO,0.10:20,0:00:08,VaLO
90,0.10:28,0.10:30,VaLO,0.10:28,0:00:02,TeSC
90,0.11:33,0.11:35,EMS,0.11:33,0:00:02,EMSLO
90,0.12:18,0.12:20,EMSLO,0.12:18,0:00:02,EMS
90,0.14:05,0.14:07,MTC,0.14:05,0:00:02,MTCLO
90,0.14:28,0.14:30,MTCLO,0.14:28,0:00:02,MTC
90,0.15:20,0.15:22,PTC,0.15:20,0:00:02,PTCLO
90,0.15:58,0.16:00,PTCLO,0.15:58,0:00:02,PTC
90,0.17:28,0.17:32,PHM,0.17:28,0:00:04,PHMLO
90,0.17:49,0.17:50,PHMLO,0.17:49,0:00:01,PHM
90,0.19:23,0.19:25,PTC,0.19:23,0:00:02,PTCLO
90,0.19:33,0.19:35,PTCLO,0.19:33,0:00:02,PTC
90,0.20:17,0.20:32,RiVa,0.20:17,0:00:15,Pomona
64,0.03:40,0.04:00,Pomona,0.03:40,0:00:20,Pomona
64,0.04:00,0.04:15,Pomona,0.04:00,0:00:15,MTC
64,0.05:27,0.06:02,9thHo,0.05:27,0:00:35,EMSLO
64,0.06:13,0.06:15,EMSLO,0.06:13,0:00:02,EMS
64,0.07:29,0.07:35,CiGL,0.07:29,0:00:06,CiCLO
64,0.08:27,0.08:35,CiCLO,0.08:27,0:00:08,CiGL
64,0.10:00,0.10:02,EMS,0.10:00,0:00:02,EMSLO
64,0.10:13,0.10:15,EMSLO,0.10:13,0:00:02,EMS
64,0.11:16,0.11:20,TeSC,0.11:16,0:00:04,VaLO
64,0.11:28,0.11:30,VaLO,0.11:28,0:00:02,TeSC
64,0.12:34,0.12:36,EMS,0.12:34,0:00:02,EMSLO
64,0.12:36,0.12:43,EMSLO,0.12:36,0:00:07,EMSLO
99,0.12:43,0.12:45,EMSLO,0.12:43,0:00:02,EMS
99,0.13:49,0.13:53,TeSC,0.13:49,0:00:04,VaLO
99,0.13:58,0.14:00,VaLO,0.13:58,0:00:02,TeSC
99,0.15:05,0.15:07,EMS,0.15:05,0:00:02,EMSLO
99,0.15:28,0.15:30,EMSLO,0.15:28,0:00:02,EMS
99,0.16:38,0.16:42,TeSC,0.16:38,0:00:04,VaLO
99,0.17:25,0.18:11,VaLO,0.17:25,0:00:46,Fi9t
99,0.19:46,0.20:00,SDPR,0.19:46,0:00:14,PTC
99,0.21:52,0.22:02,PTC,0.21:52,0:00:10,Pomona
65,0.03:50,0.04:10,Pomona,0.03:50,0:00:20,Pomona
65,0.04:10,0.04:25,Pomona,0.04:10,0:00:15,MTC
65,0.05:49,0.05:51,EMS,0.05:49,0:00:02,EMSLO
65,0.06:03,0.06:05,EMSLO,0.06:03,0:00:02,EMS
65,0.06:49,0.06:53,PHM,0.06:49,0:00:04,PHMLO
65,0.07:09,0.07:10,PHMLO,0.07:09,0:00:01,PHM
65,0.08:28,0.08:30,PTC,0.08:28,0:00:02,PTCLO
65,0.09:28,0.09:30,PTCLO,0.09:28,0:00:02,PTC
65,0.10:25,0.10:27,MTC,0.10:25,0:00:02,MTCLO
65,0.10:33,0.10:35,MTCLO,0.10:33,0:00:02,MTC
65,0.12:10,0.12:12,EMS,0.12:10,0:00:02,EMSLO
65,0.12:28,0.12:30,EMSLO,0.12:28,0:00:02,EMS
65,0.13:57,0.14:03,CiGL,0.13:57,0:00:06,CiCLO
40,0.14:03,0.14:11,CiCLO,0.14:03,0:00:08,CiGL
40,0.15:55,0.15:57,EMS,0.15:55,0:00:02,EMSLO
40,0.16:08,0.16:10,EMSLO,0.16:08,0:00:02,EMS
40,0.17:02,0.17:06,PHM,0.17:02,0:00:04,PHMLO
40,0.17:19,0.17:20,PHMLO,0.17:19,0:00:01,PHM
40,0.18:53,0.19:03,PTC,0.18:53,0:00:10,Pomona
115,0.03:55,0.04:15,Pomona,0.03:55,0:00:20,Pomona
115,0.04:15,0.05:05,Pomona,0.04:15,0:00:50,EMS
115,0.06:01,0.06:05,TeSC,0.06:01,0:00:04,VaLO
115,0.06:15,0.06:30,VaLO,0.06:15,0:00:15,CoTC
115,0.07:30,0.08:25,9thHo,0.07:30,0:00:55,Pomona
130,0.13:35,0.13:55,Pomona,0.13:35,0:00:20,Pomona
130,0.13:55,0.14:45,Pomona,0.13:55,0:00:50,EMS
130,0.15:53,0.15:57,TeSC,0.15:53,0:00:04,VaLO
130,0.16:14,0.17:00,VaLO,0.16:14,0:00:46,Fi9t
130,0.18:09,0.18:39,GrPR,0.18:09,0:00:30,Pomona
67,0.03:55,0.04:15,Pomona,0.03:55,0:00:20,Pomona
67,0.04:15,0.04:30,Pomona,0.04:15,0:00:15,MTC
67,0.05:42,0.06:32,9thHo,0.05:42,0:00:50,IMPR
67,0.07:42,0.08:19,9thHo,0.07:42,0:00:37,PHMLO
67,0.09:12,0.09:13,PHMLO,0.09:12,0:00:01,PHM
67,0.09:53,0.09:55,EMS,0.09:53,0:00:02,EMSLO
67,0.10:08,0.10:10,EMSLO,0.10:08,0:00:02,EMS
67,0.10:56,0.11:00,PHM,0.10:56,0:00:04,PHMLO
67,0.11:12,0.11:13,PHMLO,0.11:12,0:00:01,PHM
67,0.11:55,0.11:57,EMS,0.11:55,0:00:02,EMSLO
67,0.12:08,0.12:10,EMSLO,0.12:08,0:00:02,EMS
67,0.13:00,0.13:04,PHM,0.13:00,0:00:04,PHMLO
67,0.13:12,0.13:13,PHMLO,0.13:12,0:00:01,PHM
67,0.13:55,0.13:57,EMS,0.13:55,0:00:02,EMSLO
67,0.13:57,0.14:13,EMSLO,0.13:57,0:00:16,EMSLO
14,0.14:13,0.14:15,EMSLO,0.14:13,0:00:02,EMS
14,0.15:42,0.15:48,CiGL,0.15:42,0:00:06,CiCLO
14,0.16:37,0.17:00,CiCLO,0.16:37,0:00:23,PTC
14,0.18:28,0.18:32,PHM,0.18:28,0:00:04,PHMLO
14,0.18:44,0.18:45,PHMLO,0.18:44,0:00:01,PHM
14,0.20:15,0.20:17,PTC,0.20:15,0:00:02,PTCLO
14,0.20:28,0.20:30,PTCLO,0.20:28,0:00:02,PTC
14,0.21:37,0.22:17,PHM,0.21:37,0:00:40,Pomona
114,0.03:55,0.04:15,Pomona,0.03:55,0:00:20,Pomona
114,0.04:15,0.04:45,Pomona,0.04:15,0:00:30,IMPR
114,0.05:41,0.06:18,9thHo,0.05:41,0:00:37,PHMLO
114,0.06:34,0.06:35,PHMLO,0.06:34,0:00:01,PHM
114,0.08:16,0.08:56,PHM,0.08:16,0:00:40,Pomona
131,0.15:10,0.15:30,Pomona,0.15:10,0:00:20,Pomona
131,0.15:30,0.15:45,Pomona,0.15:30,0:00:15,TeSC
131,0.16:50,0.16:52,EMS,0.16:50,0:00:02,EMSLO
131,0.16:59,0.17:01,EMSLO,0.16:59,0:00:02,EMS
131,0.18:09,0.18:24,TeSC,0.18:09,0:00:15,Pomona
66,0.03:55,0.04:15,Pomona,0.03:55,0:00:20,Pomona
66,0.04:15,0.04:45,Pomona,0.04:15,0:00:30,GrPR
66,0.05:48,0.06:28,9thHo,0.05:48,0:00:40,CiCLO
66,0.06:42,0.06:50,CiCLO,0.06:42,0:00:08,CiGL
66,0.08:15,0.08:38,EMS,0.08:15,0:00:23,RiVa
66,0.10:12,0.10:14,PTC,0.10:12,0:00:02,PTCLO
66,0.10:28,0.10:30,PTCLO,0.10:28,0:00:02,PTC
66,0.12:29,0.12:31,PTC,0.12:29,0:00:02,PTCLO
66,0.12:31,0.13:28,PTCLO,0.12:31,0:00:57,PTCLO
6,0.13:28,0.13:30,PTCLO,0.13:28,0:00:02,PTC
6,0.14:25,0.15:20,CTC,0.14:25,0:00:55,Fi9t
6,0.16:50,0.16:52,MTC,0.16:50,0:00:02,MTCLO
6,0.16:59,0.17:01,MTCLO,0.16:59,0:00:02,MTC
6,0.17:51,0.17:53,PTC,0.17:51,0:00:02,PTCLO
6,0.18:33,0.18:35,PTCLO,0.18:33,0:00:02,PTC
6,0.19:22,0.19:25,RiVa,0.19:22,0:00:03,TeSC
6,0.20:27,0.20:29,EMS,0.20:27,0:00:02,EMSLO
6,0.20:38,0.20:40,EMSLO,0.20:38,0:00:02,EMS
6,0.21:37,0.21:41,TeSC,0.21:37,0:00:04,VaLO
6,0.21:53,0.21:55,VaLO,0.21:53,0:00:02,TeSC
6,0.22:53,0.23:45,EMS,0.22:53,0:00:52,Pomona
5,0.04:00,0.04:20,Pomona,0.04:00,0:00:20,Pomona
5,0.04:20,0.04:30,Pomona,0.04:20,0:00:10,PTC
5,0.05:38,0.06:00,PHM,0.05:38,0:00:22,EMSLO
5,0.06:19,0.06:21,EMSLO,0.06:19,0:00:02,EMS
5,0.07:23,0.07:27,TeSC,0.07:23,0:00:04,VaLO
5,0.08:11,0.08:13,VaLO,0.08:11,0:00:02,TeSC
5,0.09:17,0.09:19,EMS,0.09:17,0:00:02,EMSLO
5,0.09:28,0.09:30,EMSLO,0.09:28,0:00:02,EMS
5,0.11:08,0.11:10,MTC,0.11:08,0:00:02,MTCLO
5,0.11:28,0.11:30,MTCLO,0.11:28,0:00:02,MTC
5,0.12:20,0.12:22,PTC,0.12:20,0:00:02,PTCLO
102,0.12:22,0.12:24,PTCLO,0.12:22,0:00:02,PTC
102,0.13:25,0.13:30,MTC,0.13:25,0:00:05,CTC
102,0.14:29,0.14:39,PTC,0.14:29,0:00:10,VaLO
102,0.14:53,0.14:55,VaLO,0.14:53,0:00:02,TeSC
102,0.15:45,0.15:49,PHM,0.15:45,0:00:04,PHMLO
102,0.16:42,0.16:43,PHMLO,0.16:42,0:00:01,PHM
102,0.17:29,0.17:31,EMS,0.17:29,0:00:02,EMSLO
102,0.17:38,0.17:40,EMSLO,0.17:38,0:00:02,EMS
102,0.18:32,0.18:36,PHM,0.18:32,0:00:04,PHMLO
102,0.18:43,0.18:44,PHMLO,0.18:43,0:00:01,PHM
102,0.19:28,0.19:30,EMS,0.19:28,0:00:02,EMSLO
102,0.19:38,0.19:40,EMSLO,0.19:38,0:00:02,EMS
102,0.20:27,0.20:31,PHM,0.20:27,0:00:04,PHMLO
102,0.20:44,0.20:45,PHMLO,0.20:44,0:00:01,PHM
102,0.21:51,0.22:01,PTC,0.21:51,0:00:10,Pomona
68,0.04:00,0.04:20,Pomona,0.04:00,0:00:20,Pomona
68,0.04:20,0.05:00,Pomona,0.04:20,0:00:40,PHM
68,0.05:37,0.05:39,EMS,0.05:37,0:00:02,EMSLO
68,0.05:45,0.05:47,EMSLO,0.05:45,0:00:02,EMS
68,0.06:46,0.06:50,TeSC,0.06:46,0:00:04,VaLO
68,0.07:33,0.07:35,VaLO,0.07:33,0:00:02,TeSC
68,0.08:39,0.08:41,EMS,0.08:39,0:00:02,EMSLO
68,0.08:58,0.09:00,EMSLO,0.08:58,0:00:02,EMS
68,0.10:38,0.10:40,MTC,0.10:38,0:00:02,MTCLO
68,0.10:47,0.11:00,MTCLO,0.10:47,0:00:13,PTC
68,0.12:52,0.13:02,PTC,0.12:52,0:00:10,Pomona
129,0.15:11,0.15:31,Pomona,0.15:11,0:00:20,Pomona
129,0.15:31,0.16:42,Pomona,0.15:31,0:01:11,Fi9t
129,0.18:01,0.18:31,SDPR,0.18:01,0:00:30,Pomona
69,0.04:05,0.04:25,Pomona,0.04:05,0:00:20,Pomona
69,0.04:25,0.05:05,Pomona,0.04:25,0:00:40,PHM
69,0.06:04,0.06:20,PTC,0.06:04,0:00:16,GrPR
69,0.07:40,0.08:40,9thHo,0.07:40,0:01:00,CTC
69,0.09:29,0.09:31,PTC,0.09:29,0:00:02,PTCLO
69,0.10:28,0.10:30,PTCLO,0.10:28,0:00:02,PTC
69,0.11:39,0.11:43,PHM,0.11:39,0:00:04,PHMLO
69,0.12:14,0.12:15,PHMLO,0.12:14,0:00:01,PHM
69,0.13:35,0.13:45,PTC,0.13:35,0:00:10,Pomona
128,0.14:05,0.14:25,Pomona,0.14:05,0:00:20,Pomona
128,0.14:25,0.15:00,Pomona,0.14:25,0:00:35,CiGL
128,0.16:25,0.16:27,EMS,0.16:25,0:00:02,EMSLO
128,0.16:44,0.16:46,EMSLO,0.16:44,0:00:02,EMS
128,0.17:54,0.18:09,TeSC,0.17:54,0:00:15,Pomona
118,0.04:10,0.04:30,Pomona,0.04:10,0:00:20,Pomona
118,0.04:30,0.05:20,Pomona,0.04:30,0:00:50,EMS
118,0.06:17,0.06:21,TeSC,0.06:17,0:00:04,VaLO
118,0.06:31,0.06:33,VaLO,0.06:31,0:00:02,TeSC
118,0.07:34,0.07:36,EMS,0.07:34,0:00:02,EMSLO
118,0.07:46,0.07:48,EMSLO,0.07:46,0:00:02,EMS
118,0.08:51,0.09:06,TeSC,0.08:51,0:00:15,Pomona
118,0.12:30,0.12:50,Pomona,0.12:30,0:00:20,Pomona
118,0.12:50,0.13:05,Pomona,0.12:50,0:00:15,MTC
118,0.14:41,0.14:43,EMS,0.14:41,0:00:02,EMSLO
118,0.14:55,0.15:35,EMSLO,0.14:55,0:00:40,Fi9t
118,0.17:06,0.17:21,MTC,0.17:06,0:00:15,Pomona
117,0.04:10,0.04:30,Pomona,0.04:10,0:00:20,Pomona
117,0.04:30,0.05:00,Pomona,0.04:30,0:00:30,IMPR
117,0.05:56,0.06:46,9thHo,0.05:56,0:00:50,IMPR
117,0.07:58,0.08:53,9thHo,0.07:58,0:00:55,Pomona
27,0.15:00,0.15:20,Pomona,0.15:00,0:00:20,Pomona
27,0.15:20,0.15:30,Pomona,0.15:20,0:00:10,PTC
27,0.16:25,0.16:27,MTC,0.16:25,0:00:02,MTCLO
27,0.16:33,0.16:35,MTCLO,0.16:33,0:00:02,MTC
27,0.18:16,0.18:18,EMS,0.18:16,0:00:02,EMSLO
27,0.18:28,0.18:30,EMSLO,0.18:28,0:00:02,EMS
27,0.20:15,0.20:17,MTC,0.20:15,0:00:02,MTCLO
27,0.21:13,0.21:15,MTCLO,0.21:13,0:00:02,MTC
27,0.22:41,0.22:43,EMS,0.22:41,0:00:02,EMSLO
27,0.23:03,0.23:05,EMSLO,0.23:03,0:00:02,EMS
27,0.23:46,1.00:26,PHM,0.23:46,0:36:40,Pomona
7,0.04:10,0.04:30,Pomona,0.04:10,0:00:20,Pomona
7,0.04:30,0.04:45,Pomona,0.04:30,0:00:15,MTC
7,0.05:59,0.06:39,9thHo,0.05:59,0:00:40,CiCLO
7,0.07:22,0.07:30,CiCLO,0.07:22,0:00:08,CiGL
7,0.08:55,0.08:57,EMS,0.08:55,0:00:02,EMSLO
7,0.09:08,0.09:10,EMSLO,0.09:08,0:00:02,EMS
7,0.09:56,0.10:00,PHM,0.09:56,0:00:04,PHMLO
7,0.10:12,0.10:13,PHMLO,0.10:12,0:00:01,PHM
7,0.10:53,0.11:38,EMS,0.10:53,0:00:45,Pomona
109,0.12:50,0.13:10,Pomona,0.12:50,0:00:20,Pomona
109,0.13:10,0.14:00,Pomona,0.13:10,0:00:50,EMS
109,0.15:45,0.15:47,MTC,0.15:45,0:00:02,MTCLO
109,0.15:58,0.16:00,MTCLO,0.15:58,0:00:02,MTC
109,0.16:50,0.16:52,PTC,0.16:50,0:00:02,PTCLO
109,0.16:57,0.16:59,PTCLO,0.16:57,0:00:02,PTC
109,0.17:54,0.17:56,MTC,0.17:54,0:00:02,MTCLO
109,0.18:33,0.18:35,MTCLO,0.18:33,0:00:02,MTC
109,0.20:09,0.20:11,EMS,0.20:09,0:00:02,EMSLO
109,0.20:28,0.20:30,EMSLO,0.20:28,0:00:02,EMS
109,0.22:04,0.22:19,MTC,0.22:04,0:00:15,Pomona
119,0.04:10,0.04:30,Pomona,0.04:10,0:00:20,Pomona
119,0.04:30,0.04:45,Pomona,0.04:30,0:00:15,MTC
119,0.06:09,0.06:37,EMS,0.06:09,0:00:28,SDPR
119,0.07:56,0.08:51,9thHo,0.07:56,0:00:55,Pomona
12,0.13:20,0.13:40,Pomona,0.13:20,0:00:20,Pomona
12,0.13:40,0.13:55,Pomona,0.13:40,0:00:15,TeSC
12,0.14:44,0.14:48,PHM,0.14:44,0:00:04,PHMLO
12,0.14:56,0.15:33,PHMLO,0.14:56,0:00:37,Fi9t
12,0.16:50,0.17:40,IMPR,0.16:50,0:00:50,Fi9t
12,0.19:25,0.19:30,GrPR,0.19:25,0:00:05,CiGL
12,0.20:49,0.20:51,EMS,0.20:49,0:00:02,EMSLO
12,0.20:58,0.21:00,EMSLO,0.20:58,0:00:02,EMS
12,0.22:16,0.22:48,CiGL,0.22:16,0:00:32,Pomona
71,0.04:10,0.04:30,Pomona,0.04:10,0:00:20,Pomona
71,0.04:30,0.04:45,Pomona,0.04:30,0:00:15,TeSC
71,0.05:40,0.05:42,EMS,0.05:40,0:00:02,EMSLO
71,0.05:56,0.05:58,EMSLO,0.05:56,0:00:02,EMS
71,0.06:57,0.07:01,TeSC,0.06:57,0:00:04,VaLO
71,0.07:23,0.07:25,VaLO,0.07:23,0:00:02,TeSC
71,0.08:12,0.08:16,PHM,0.08:12,0:00:04,PHMLO
71,0.08:24,0.08:25,PHMLO,0.08:24,0:00:01,PHM
71,0.09:08,0.09:12,TeSC,0.09:08,0:00:04,VaLO
71,0.09:58,0.10:00,VaLO,0.09:58,0:00:02,TeSC
71,0.11:03,0.11:05,EMS,0.11:03,0:00:02,EMSLO
71,0.11:28,0.11:30,EMSLO,0.11:28,0:00:02,EMS
71,0.12:32,0.12:36,TeSC,0.12:32,0:00:04,VaLO
71,0.12:43,0.12:45,VaLO,0.12:43,0:00:02,TeSC
71,0.13:49,0.13:51,EMS,0.13:49,0:00:02,EMSLO
71,0.13:58,0.14:00,EMSLO,0.13:58,0:00:02,EMS
71,0.15:05,0.15:09,TeSC,0.15:05,0:00:04,VaLO
55,0.15:09,0.15:11,VaLO,0.15:09,0:00:02,TeSC
55,0.16:15,0.16:19,PHM,0.16:15,0:00:04,PHMLO
55,0.16:24,0.16:25,PHMLO,0.16:24,0:00:01,PHM
55,0.17:13,0.17:17,TeSC,0.17:13,0:00:04,VaLO
55,0.17:29,0.18:15,VaLO,0.17:29,0:00:46,Fi9t
55,0.19:43,0.19:58,MTC,0.19:43,0:00:15,Pomona
70,0.04:00,0.04:20,Pomona,0.04:00,0:00:20,Pomona
70,0.04:20,0.04:50,Pomona,0.04:20,0:00:30,GrPR
70,0.06:03,0.06:38,9thHo,0.06:03,0:00:35,EMSLO
70,0.06:43,0.06:45,EMSLO,0.06:43,0:00:02,EMS
70,0.08:07,0.08:13,CiGL,0.08:07,0:00:06,CiCLO
70,0.09:08,0.09:30,CiCLO,0.09:08,0:00:22,PTC
70,0.10:40,0.11:10,PHM,0.10:40,0:00:30,VaLO
70,0.11:23,0.11:25,VaLO,0.11:23,0:00:02,TeSC
70,0.12:13,0.12:17,PHM,0.12:13,0:00:04,PHMLO
70,0.12:24,0.12:25,PHMLO,0.12:24,0:00:01,PHM
70,0.13:12,0.13:16,TeSC,0.13:12,0:00:04,VaLO
123,0.13:16,0.13:18,VaLO,0.13:16,0:00:02,TeSC
123,0.14:12,0.14:16,PHM,0.14:12,0:00:04,PHMLO
123,0.14:24,0.14:25,PHMLO,0.14:24,0:00:01,PHM
123,0.15:13,0.15:17,TeSC,0.15:13,0:00:04,VaLO
123,0.15:36,0.16:22,VaLO,0.15:36,0:00:46,Fi9t
123,0.17:41,0.18:11,SDPR,0.17:41,0:00:30,Pomona
9,0.04:15,0.04:35,Pomona,0.04:15,0:00:20,Pomona
9,0.04:35,0.05:10,Pomona,0.04:35,0:00:35,CiGL
9,0.06:23,0.06:25,EMS,0.06:23,0:00:02,EMSLO
9,0.06:38,0.06:40,EMSLO,0.06:38,0:00:02,EMS
9,0.07:24,0.07:28,PHM,0.07:24,0:00:04,PHMLO
9,0.07:39,0.07:40,PHMLO,0.07:39,0:00:01,PHM
9,0.09:00,0.09:02,PTC,0.09:00,0:00:02,PTCLO
9,0.09:58,0.10:00,PTCLO,0.09:58,0:00:02,PTC
9,0.11:52,0.12:02,PTC,0.11:52,0:00:10,Pomona
101,0.12:05,0.12:25,Pomona,0.12:05,0:00:20,Pomona
101,0.12:25,0.12:35,Pomona,0.12:25,0:00:10,PTC
101,0.14:14,0.14:24,PTC,0.14:14,0:00:10,VaLO
101,0.15:13,0.15:15,VaLO,0.15:13,0:00:02,TeSC
101,0.16:20,0.16:22,EMS,0.16:20,0:00:02,EMSLO
101,0.16:29,0.16:31,EMSLO,0.16:29,0:00:02,EMS
101,0.17:39,0.17:43,TeSC,0.17:39,0:00:04,VaLO
101,0.17:53,0.17:55,VaLO,0.17:53,0:00:02,TeSC
101,0.19:00,0.19:02,EMS,0.19:00,0:00:02,EMSLO
101,0.19:08,0.19:10,EMSLO,0.19:08,0:00:02,EMS
101,0.20:29,0.21:01,CiGL,0.20:29,0:00:32,Pomona
120,0.04:15,0.04:35,Pomona,0.04:15,0:00:20,Pomona
120,0.04:35,0.05:25,Pomona,0.04:35,0:00:50,EMS
120,0.06:06,0.06:10,PHM,0.06:06,0:00:04,PHMLO
120,0.06:24,0.06:25,PHMLO,0.06:24,0:00:01,PHM
120,0.07:05,0.07:09,TeSC,0.07:05,0:00:04,VaLO
120,0.07:20,0.07:22,VaLO,0.07:20,0:00:02,TeSC
120,0.08:26,0.08:28,EMS,0.08:26,0:00:02,EMSLO
120,0.08:34,0.08:36,EMSLO,0.08:34,0:00:02,EMS
120,0.09:37,0.09:52,TeSC,0.09:37,0:00:15,Pomona
132,0.14:00,0.14:20,Pomona,0.14:00,0:00:20,Pomona
132,0.14:20,0.14:30,Pomona,0.14:20,0:00:10,PTC
132,0.15:54,0.15:58,PHM,0.15:54,0:00:04,PHMLO
132,0.16:12,0.16:13,PHMLO,0.16:12,0:00:01,PHM
132,0.16:59,0.17:01,EMS,0.16:59,0:00:02,EMSLO
132,0.17:14,0.17:16,EMSLO,0.17:14,0:00:02,EMS
132,0.18:23,0.18:38,TeSC,0.18:23,0:00:15,Pomona
121,0.04:20,0.04:40,Pomona,0.04:20,0:00:20,Pomona
121,0.04:40,0.05:35,Pomona,0.04:40,0:00:55,BeLH
121,0.06:14,0.06:18,PHM,0.06:14,0:00:04,PHMLO
121,0.06:39,0.06:40,PHMLO,0.06:39,0:00:01,PHM
121,0.07:50,0.07:52,PTC,0.07:50,0:00:02,PTCLO
121,0.07:58,0.08:00,PTCLO,0.07:58,0:00:02,PTC
121,0.09:52,0.10:02,PTC,0.09:52,0:00:10,Pomona
98,0.11:50,0.12:10,Pomona,0.11:50,0:00:20,Pomona
98,0.12:10,0.13:00,Pomona,0.12:10,0:00:50,EMS
98,0.14:04,0.14:08,TeSC,0.14:04,0:00:04,VaLO
98,0.14:13,0.14:15,VaLO,0.14:13,0:00:02,TeSC
98,0.15:20,0.15:22,EMS,0.15:20,0:00:02,EMSLO
98,0.15:40,0.15:42,EMSLO,0.15:40,0:00:02,EMS
98,0.17:09,0.17:15,CiGL,0.17:09,0:00:06,CiCLO
98,0.17:56,0.18:15,CiCLO,0.17:56,0:00:19,TeSC
98,0.19:20,0.19:22,EMS,0.19:20,0:00:02,EMSLO
98,0.19:28,0.19:30,EMSLO,0.19:28,0:00:02,EMS
98,0.20:31,0.20:46,TeSC,0.20:31,0:00:15,Pomona
60,0.04:20,0.04:40,Pomona,0.04:20,0:00:20,Pomona
60,0.04:40,0.05:30,Pomona,0.04:40,0:00:50,EMS
60,0.07:03,0.07:05,MTC,0.07:03,0:00:02,MTCLO
60,0.07:16,0.07:18,MTCLO,0.07:16,0:00:02,MTC
60,0.08:52,0.09:37,9thHo,0.08:52,0:00:45,VaLO
60,0.10:13,0.10:15,VaLO,0.10:13,0:00:02,TeSC
60,0.11:18,0.11:20,EMS,0.11:18,0:00:02,EMSLO
60,0.11:38,0.11:40,EMSLO,0.11:38,0:00:02,EMS
60,0.13:22,0.13:24,MTC,0.13:22,0:00:02,MTCLO
60,0.13:24,0.13:33,MTCLO,0.13:24,0:00:09,MTCLO
133,0.13:33,0.13:35,MTCLO,0.13:33,0:00:02,MTC
133,0.15:11,0.15:13,EMS,0.15:11,0:00:02,EMSLO
133,0.15:28,0.15:30,EMSLO,0.15:28,0:00:02,EMS
133,0.17:16,0.17:31,MTC,0.17:16,0:00:15,Pomona
11,0.04:21,0.04:41,Pomona,0.04:21,0:00:20,Pomona
11,0.04:41,0.05:11,Pomona,0.04:41,0:00:30,SDPR
11,0.06:07,0.06:42,9thHo,0.06:07,0:00:35,EMSLO
11,0.06:55,0.06:57,EMSLO,0.06:55,0:00:02,EMS
11,0.08:02,0.08:06,TeSC,0.08:02,0:00:04,VaLO
11,0.08:43,0.08:45,VaLO,0.08:43,0:00:02,TeSC
11,0.09:48,0.09:50,EMS,0.09:48,0:00:02,EMSLO
11,0.09:58,0.10:00,EMSLO,0.09:58,0:00:02,EMS
11,0.11:41,0.11:43,MTC,0.11:41,0:00:02,MTCLO
96,0.11:43,0.11:45,MTCLO,0.11:43,0:00:02,MTC
96,0.13:40,0.13:42,EMS,0.13:40,0:00:02,EMSLO
96,0.14:13,0.14:35,EMSLO,0.14:13,0:00:22,Fi9t
96,0.16:02,0.16:04,MTC,0.16:02,0:00:02,MTCLO
96,0.17:03,0.17:05,MTCLO,0.17:03,0:00:02,MTC
96,0.18:48,0.18:50,EMS,0.18:48,0:00:02,EMSLO
96,0.18:58,0.19:00,EMSLO,0.18:58,0:00:02,EMS
96,0.20:36,0.20:51,MTC,0.20:36,0:00:15,Pomona
72,0.04:25,0.04:45,Pomona,0.04:25,0:00:20,Pomona
72,0.04:45,0.05:35,Pomona,0.04:45,0:00:50,EMS
72,0.06:34,0.06:38,TeSC,0.06:34,0:00:04,VaLO
72,0.06:56,0.06:58,VaLO,0.06:56,0:00:02,TeSC
72,0.08:01,0.08:03,EMS,0.08:01,0:00:02,EMSLO
72,0.08:28,0.08:30,EMSLO,0.08:28,0:00:02,EMS
72,0.09:54,0.10:00,CiGL,0.09:54,0:00:06,CiCLO
72,0.10:40,0.11:00,CiCLO,0.10:40,0:00:20,PTC
72,0.12:22,0.12:26,PHM,0.12:22,0:00:04,PHMLO
72,0.12:44,0.12:45,PHMLO,0.12:44,0:00:01,PHM
72,0.13:54,0.13:56,PTC,0.13:54,0:00:02,PTCLO
138,0.13:56,0.14:56,PTCLO,0.13:56,0:01:00,Fi9t
138,0.16:17,0.16:35,IMPR,0.16:17,0:00:18,PHM
138,0.18:23,0.19:03,PHM,0.18:23,0:00:40,Pomona
13,0.04:25,0.04:45,Pomona,0.04:25,0:00:20,Pomona
13,0.04:45,0.05:00,Pomona,0.04:45,0:00:15,MTC
13,0.06:17,0.06:54,9thHo,0.06:17,0:00:37,PHMLO
13,0.07:43,0.07:44,PHMLO,0.07:43,0:00:01,PHM
13,0.08:27,0.08:29,EMS,0.08:27,0:00:02,EMSLO
13,0.08:38,0.08:40,EMSLO,0.08:38,0:00:02,EMS
13,0.09:26,0.09:30,PHM,0.09:26,0:00:04,PHMLO
13,0.09:42,0.09:43,PHMLO,0.09:42,0:00:01,PHM
13,0.10:23,0.10:25,EMS,0.10:23,0:00:02,EMSLO
13,0.10:43,0.10:45,EMSLO,0.10:43,0:00:02,EMS
13,0.11:46,0.12:01,TeSC,0.11:46,0:00:15,Pomona
105,0.12:35,0.12:55,Pomona,0.12:35,0:00:20,Pomona
105,0.12:55,0.13:30,Pomona,0.12:55,0:00:35,CiGL
105,0.14:55,0.14:57,EMS,0.14:55,0:00:02,EMSLO
105,0.15:10,0.15:12,EMSLO,0.15:10,0:00:02,EMS
105,0.16:39,0.16:45,CiGL,0.16:39,0:00:06,CiCLO
105,0.17:24,0.17:32,CiCLO,0.17:24,0:00:08,CiGL
105,0.18:57,0.18:59,EMS,0.18:57,0:00:02,EMSLO
105,0.19:08,0.19:10,EMSLO,0.19:08,0:00:02,EMS
105,0.19:57,0.20:01,PHM,0.19:57,0:00:04,PHMLO
105,0.20:19,0.20:20,PHMLO,0.20:19,0:00:01,PHM
105,0.20:58,0.21:00,EMS,0.20:58,0:00:02,EMSLO
105,0.21:08,0.21:10,EMSLO,0.21:08,0:00:02,EMS
105,0.21:52,0.22:32,PHM,0.21:52,0:00:40,Pomona
73,0.04:25,0.04:45,Pomona,0.04:25,0:00:20,Pomona
73,0.04:45,0.05:00,Pomona,0.04:45,0:00:15,TeSC
73,0.05:55,0.05:57,EMS,0.05:55,0:00:02,EMSLO
73,0.06:08,0.06:10,EMSLO,0.06:08,0:00:02,EMS
73,0.07:10,0.07:30,TeSC,0.07:10,0:00:20,MTCLO
73,0.07:44,0.07:46,MTCLO,0.07:44,0:00:02,MTC
73,0.09:18,0.09:41,EMS,0.09:18,0:00:23,RiVa
73,0.11:13,0.11:15,PTC,0.11:13,0:00:02,PTCLO
73,0.11:28,0.11:30,PTCLO,0.11:28,0:00:02,PTC
73,0.13:29,0.13:39,PTC,0.13:29,0:00:10,Pomona
120,0.14:05,0.14:25,Pomona,0.14:05,0:00:20,Pomona
120,0.14:25,0.14:35,Pomona,0.14:25,0:00:10,PTC
120,0.16:15,0.16:17,PTC,0.16:15,0:00:02,PTCLO
120,0.16:27,0.16:29,PTCLO,0.16:27,0:00:02,PTC
120,0.17:24,0.17:39,MTC,0.17:24,0:00:15,Pomona
74,0.04:26,0.04:46,Pomona,0.04:26,0:00:20,Pomona
74,0.04:46,0.05:16,Pomona,0.04:46,0:00:30,IMPR
74,0.06:12,0.06:52,9thHo,0.06:12,0:00:40,CiCLO
74,0.07:02,0.07:10,CiCLO,0.07:02,0:00:08,CiGL
74,0.08:35,0.08:37,EMS,0.08:35,0:00:02,EMSLO
74,0.08:46,0.08:48,EMSLO,0.08:46,0:00:02,EMS
74,0.09:49,0.09:53,TeSC,0.09:49,0:00:04,VaLO
74,0.10:43,0.10:45,VaLO,0.10:43,0:00:02,TeSC
74,0.11:48,0.11:50,EMS,0.11:48,0:00:02,EMSLO
74,0.11:58,0.12:00,EMSLO,0.11:58,0:00:02,EMS
74,0.13:45,0.13:47,MTC,0.13:45,0:00:02,MTCLO
139,0.13:47,0.13:49,MTCLO,0.13:47,0:00:02,MTC
139,0.15:43,0.15:45,EMS,0.15:43,0:00:02,EMSLO
139,0.15:58,0.16:00,EMSLO,0.15:58,0:00:02,EMS
139,0.17:50,0.17:52,MTC,0.17:50,0:00:02,MTCLO
139,0.17:59,0.18:01,MTCLO,0.17:59,0:00:02,MTC
139,0.18:51,0.19:01,PTC,0.18:51,0:00:10,Pomona
75,0.04:30,0.04:50,Pomona,0.04:30,0:00:20,Pomona
75,0.04:50,0.05:05,Pomona,0.04:50,0:00:15,MTC
75,0.06:29,0.06:31,EMS,0.06:29,0:00:02,EMSLO
75,0.06:43,0.06:45,EMSLO,0.06:43,0:00:02,EMS
75,0.07:49,0.08:00,TeSC,0.07:49,0:00:11,IMPR
75,0.09:11,0.09:48,9thHo,0.09:11,0:00:37,PHMLO
75,0.10:39,0.10:40,PHMLO,0.10:39,0:00:01,PHM
75,0.11:48,0.11:50,PTC,0.11:48,0:00:02,PTCLO
75,0.11:58,0.12:00,PTCLO,0.11:58,0:00:02,PTC
75,0.13:22,0.13:26,PHM,0.13:22,0:00:04,PHMLO
108,0.13:26,0.13:27,PHMLO,0.13:26,0:00:01,PHM
108,0.14:25,0.14:27,EMS,0.14:25,0:00:02,EMSLO
108,0.14:38,0.14:40,EMSLO,0.14:38,0:00:02,EMS
108,0.15:30,0.15:34,PHM,0.15:30,0:00:04,PHMLO
108,0.15:44,0.15:45,PHMLO,0.15:44,0:00:01,PHM
108,0.17:09,0.17:11,PTC,0.17:09,0:00:02,PTCLO
108,0.17:58,0.18:00,PTCLO,0.17:58,0:00:02,PTC
108,0.19:24,0.19:28,PHM,0.19:24,0:00:04,PHMLO
108,0.19:34,0.19:35,PHMLO,0.19:34,0:00:01,PHM
108,0.21:15,0.21:55,PHM,0.21:15,0:00:40,Pomona
15,0.04:30,0.04:50,Pomona,0.04:30,0:00:20,Pomona
15,0.04:50,0.05:00,Pomona,0.04:50,0:00:10,PTC
15,0.05:59,0.06:03,PHM,0.05:59,0:00:04,PHMLO
15,0.06:09,0.06:10,PHMLO,0.06:09,0:00:01,PHM
15,0.07:20,0.07:22,PTC,0.07:20,0:00:02,PTCLO
15,0.07:33,0.07:35,PTCLO,0.07:33,0:00:02,PTC
15,0.08:23,0.08:30,RiVa,0.08:23,0:00:07,PTC
15,0.09:25,0.09:27,MTC,0.09:25,0:00:02,MTCLO
15,0.10:03,0.10:05,MTCLO,0.10:03,0:00:02,MTC
15,0.11:40,0.11:42,EMS,0.11:40,0:00:02,EMSLO
15,0.11:42,0.11:58,EMSLO,0.11:42,0:00:16,EMSLO
95,0.11:58,0.12:00,EMSLO,0.11:58,0:00:02,EMS
95,0.13:04,0.13:08,TeSC,0.13:04,0:00:04,VaLO
95,0.13:13,0.13:15,VaLO,0.13:13,0:00:02,TeSC
95,0.14:20,0.14:22,EMS,0.14:20,0:00:02,EMSLO
95,0.14:33,0.14:35,EMSLO,0.14:33,0:00:02,EMS
95,0.16:02,0.16:08,CiGL,0.16:02,0:00:06,CiCLO
95,0.16:54,0.17:02,CiCLO,0.16:54,0:00:08,CiGL
95,0.18:27,0.18:29,EMS,0.18:27,0:00:02,EMSLO
95,0.18:38,0.18:40,EMSLO,0.18:38,0:00:02,EMS
95,0.19:30,0.19:34,PHM,0.19:30,0:00:04,PHMLO
95,0.19:44,0.19:45,PHMLO,0.19:44,0:00:01,PHM
95,0.20:56,0.21:06,PTC,0.20:56,0:00:10,Pomona
122,0.04:30,0.04:50,Pomona,0.04:30,0:00:20,Pomona
122,0.04:50,0.05:30,Pomona,0.04:50,0:00:40,CoTC
122,0.06:23,0.07:13,9thHo,0.06:23,0:00:50,IMPR
122,0.08:21,0.09:16,9thHo,0.08:21,0:00:55,Pomona
125,0.13:50,0.14:10,Pomona,0.13:50,0:00:20,Pomona
125,0.14:10,0.14:25,Pomona,0.14:10,0:00:15,MoHa
125,0.15:49,0.15:51,PTC,0.15:49,0:00:02,PTCLO
125,0.15:58,0.16:00,PTCLO,0.15:58,0:00:02,PTC
125,0.17:55,0.18:05,PTC,0.17:55,0:00:10,Pomona
123,0.04:34,0.04:54,Pomona,0.04:34,0:00:20,Pomona
123,0.04:54,0.05:24,Pomona,0.04:54,0:00:30,SDPR
123,0.06:21,0.07:11,9thHo,0.06:21,0:00:50,SDPR
123,0.08:23,0.09:18,9thHo,0.08:23,0:00:55,Pomona
41,0.15:00,0.15:20,Pomona,0.15:00,0:00:20,Pomona
41,0.15:20,0.15:35,Pomona,0.15:20,0:00:15,CTC
41,0.16:19,0.16:21,PTC,0.16:19,0:00:02,PTCLO
41,0.16:28,0.17:28,PTCLO,0.16:28,0:01:00,Fi9t
41,0.19:03,0.19:18,MTC,0.19:03,0:00:15,Pomona
17,0.04:35,0.04:55,Pomona,0.04:35,0:00:20,Pomona
17,0.04:55,0.05:35,Pomona,0.04:55,0:00:40,PHM
17,0.07:14,0.07:18,PHM,0.07:14,0:00:04,PHMLO
17,0.07:24,0.07:25,PHMLO,0.07:24,0:00:01,PHM
17,0.08:08,0.08:12,TeSC,0.08:08,0:00:04,VaLO
17,0.08:19,0.08:21,VaLO,0.08:19,0:00:02,TeSC
17,0.09:25,0.09:56,EMS,0.09:25,0:00:31,BeLH
17,0.11:23,0.11:27,PHM,0.11:23,0:00:04,PHMLO
17,0.11:39,0.11:40,PHMLO,0.11:39,0:00:01,PHM
17,0.12:50,0.12:52,PTC,0.12:50,0:00:02,PTCLO
107,0.12:52,0.12:54,PTCLO,0.12:52,0:00:02,PTC
107,0.14:23,0.14:27,PHM,0.14:23,0:00:04,PHMLO
107,0.14:42,0.14:43,PHMLO,0.14:42,0:00:01,PHM
107,0.15:26,0.15:28,EMS,0.15:26,0:00:02,EMSLO
107,0.15:38,0.15:40,EMSLO,0.15:38,0:00:02,EMS
107,0.16:31,0.16:35,PHM,0.16:31,0:00:04,PHMLO
107,0.17:34,0.17:35,PHMLO,0.17:34,0:00:01,PHM
107,0.19:19,0.19:23,PHM,0.19:19,0:00:04,PHMLO
107,0.19:43,0.19:44,PHMLO,0.19:43,0:00:01,PHM
107,0.20:24,0.20:26,EMS,0.20:24,0:00:02,EMSLO
107,0.20:38,0.20:40,EMSLO,0.20:38,0:00:02,EMS
107,0.21:23,0.21:27,PHM,0.21:23,0:00:04,PHMLO
107,0.21:44,0.21:45,PHMLO,0.21:44,0:00:01,PHM
107,0.22:47,0.22:57,PTC,0.22:47,0:00:10,Pomona
143,0.04:40,0.05:00,Pomona,0.04:40,0:00:20,Pomona
143,0.05:00,0.05:35,Pomona,0.05:00,0:00:35,CiGL
143,0.06:51,0.06:53,EMS,0.06:51,0:00:02,EMSLO
143,0.07:08,0.07:10,EMSLO,0.07:08,0:00:02,EMS
143,0.07:56,0.08:00,PHM,0.07:56,0:00:04,PHMLO
143,0.08:09,0.08:10,PHMLO,0.08:09,0:00:01,PHM
143,0.09:32,0.09:34,PTC,0.09:32,0:00:02,PTCLO
143,0.09:34,0.10:28,PTCLO,0.09:34,0:00:54,PTCLO
91,0.10:28,0.10:30,PTCLO,0.10:28,0:00:02,PTC
91,0.11:25,0.11:27,MTC,0.11:25,0:00:02,MTCLO
91,0.11:33,0.11:35,MTCLO,0.11:33,0:00:02,MTC
91,0.13:09,0.13:11,EMS,0.13:09,0:00:02,EMSLO
91,0.13:28,0.13:30,EMSLO,0.13:28,0:00:02,EMS
91,0.14:57,0.15:03,CiGL,0.14:57,0:00:06,CiCLO
91,0.15:56,0.16:15,CiCLO,0.15:56,0:00:19,TeSC
91,0.17:21,0.17:23,EMS,0.17:21,0:00:02,EMSLO
91,0.17:29,0.17:31,EMSLO,0.17:29,0:00:02,EMS
91,0.18:38,0.18:42,TeSC,0.18:38,0:00:04,VaLO
91,0.18:53,0.18:55,VaLO,0.18:53,0:00:02,TeSC
91,0.19:58,0.20:00,EMS,0.19:58,0:00:02,EMSLO
91,0.20:08,0.20:10,EMSLO,0.20:08,0:00:02,EMS
91,0.20:53,0.21:33,PHM,0.20:53,0:00:40,Pomona
124,0.04:40,0.05:00,Pomona,0.04:40,0:00:20,Pomona
124,0.05:00,0.05:40,Pomona,0.05:00,0:00:40,PHM
124,0.06:47,0.06:57,PTC,0.06:47,0:00:10,VaLO
124,0.07:08,0.07:10,VaLO,0.07:08,0:00:02,TeSC
124,0.08:14,0.08:16,EMS,0.08:14,0:00:02,EMSLO
124,0.08:22,0.08:24,EMSLO,0.08:22,0:00:02,EMS
124,0.09:26,0.09:30,TeSC,0.09:26,0:00:04,VaLO
36,0.09:30,0.09:32,VaLO,0.09:30,0:00:02,TeSC
36,0.10:48,0.10:50,EMS,0.10:48,0:00:02,EMSLO
36,0.11:13,0.11:15,EMSLO,0.11:13,0:00:02,EMS
36,0.12:16,0.12:20,TeSC,0.12:16,0:00:04,VaLO
36,0.12:28,0.12:30,VaLO,0.12:28,0:00:02,TeSC
36,0.13:34,0.13:36,EMS,0.13:34,0:00:02,EMSLO
36,0.13:43,0.13:45,EMSLO,0.13:43,0:00:02,EMS
36,0.14:50,0.14:54,TeSC,0.14:50,0:00:04,VaLO
36,0.15:45,0.16:31,VaLO,0.15:45,0:00:46,Fi9t
36,0.17:53,0.18:43,IMPR,0.17:53,0:00:50,Fi9t
36,0.19:52,0.20:22,SDPR,0.19:52,0:00:30,Pomona
19,0.04:40,0.05:00,Pomona,0.04:40,0:00:20,Pomona
19,0.05:00,0.05:15,Pomona,0.05:00,0:00:15,TeSC
19,0.06:11,0.06:13,EMS,0.06:11,0:00:02,EMSLO
19,0.06:28,0.06:30,EMSLO,0.06:28,0:00:02,EMS
19,0.08:07,0.08:09,MTC,0.08:07,0:00:02,MTCLO
19,0.09:03,0.09:05,MTCLO,0.09:03,0:00:02,MTC
19,0.10:40,0.10:42,EMS,0.10:40,0:00:02,EMSLO
19,0.10:58,0.11:00,EMSLO,0.10:58,0:00:02,EMS
19,0.12:42,0.12:57,MTC,0.12:42,0:00:15,Pomona
52,0.14:30,0.14:50,Pomona,0.14:30,0:00:20,Pomona
52,0.14:50,0.15:05,Pomona,0.14:50,0:00:15,MTC
52,0.16:43,0.16:45,EMS,0.16:43,0:00:02,EMSLO
52,0.16:58,0.17:00,EMSLO,0.16:58,0:00:02,EMS
52,0.18:50,0.19:05,MTC,0.18:50,0:00:15,Pomona
76,0.04:42,0.05:02,Pomona,0.04:42,0:00:20,Pomona
76,0.05:02,0.05:17,Pomona,0.05:02,0:00:15,MTC
76,0.06:34,0.07:34,9thHo,0.06:34,0:01:00,CTC
76,0.08:25,0.08:27,PTC,0.08:25,0:00:02,PTCLO
76,0.08:33,0.08:35,PTCLO,0.08:33,0:00:02,PTC
76,0.09:28,0.09:35,RiVa,0.09:28,0:00:07,PTC
76,0.11:12,0.11:15,RiVa,0.11:12,0:00:03,TeSC
76,0.12:19,0.12:21,EMS,0.12:19,0:00:02,EMSLO
76,0.12:38,0.12:40,EMSLO,0.12:38,0:00:02,EMS
76,0.14:25,0.14:30,MTC,0.14:25,0:00:05,CTC
76,0.15:14,0.15:16,PTC,0.15:14,0:00:02,PTCLO
28,0.15:16,0.15:18,PTCLO,0.15:16,0:00:02,PTC
28,0.17:17,0.17:19,PTC,0.17:17,0:00:02,PTCLO
28,0.17:58,0.18:00,PTCLO,0.17:58,0:00:02,PTC
28,0.18:55,0.18:57,MTC,0.18:55,0:00:02,MTCLO
28,0.19:03,0.19:05,MTCLO,0.19:03,0:00:02,MTC
28,0.20:36,0.20:38,EMS,0.20:36,0:00:02,EMSLO
28,0.20:58,0.21:00,EMSLO,0.20:58,0:00:02,EMS
28,0.22:34,0.22:49,MTC,0.22:34,0:00:15,Pomona
21,0.04:44,0.05:04,Pomona,0.04:44,0:00:20,Pomona
21,0.05:04,0.05:34,Pomona,0.05:04,0:00:30,IMPR
21,0.06:30,0.07:14,9thHo,0.06:30,0:00:44,PTCLO
21,0.07:28,0.07:30,PTCLO,0.07:28,0:00:02,PTC
21,0.08:56,0.09:00,PHM,0.08:56,0:00:04,PHMLO
21,0.09:09,0.09:10,PHMLO,0.09:09,0:00:01,PHM
21,0.10:32,0.10:34,PTC,0.10:32,0:00:02,PTCLO
21,0.11:33,0.11:35,PTCLO,0.11:33,0:00:02,PTC
21,0.13:13,0.13:15,PTC,0.13:13,0:00:02,PTCLO
21,0.13:15,0.13:33,PTCLO,0.13:15,0:00:18,PTCLO
8,0.13:33,0.13:35,PTCLO,0.13:33,0:00:02,PTC
8,0.15:15,0.15:17,PTC,0.15:15,0:00:02,PTCLO
8,0.15:24,0.16:24,PTCLO,0.15:24,0:01:00,Fi9t
8,0.18:02,0.18:19,MTC,0.18:02,0:00:17,PTCLO
8,0.18:58,0.19:00,PTCLO,0.18:58,0:00:02,PTC
8,0.19:55,0.19:57,MTC,0.19:55,0:00:02,MTCLO
8,0.20:03,0.20:05,MTCLO,0.20:03,0:00:02,MTC
8,0.21:31,0.22:23,EMS,0.21:31,0:00:52,Pomona
77,0.04:50,0.05:10,Pomona,0.04:50,0:00:20,Pomona
77,0.05:10,0.05:25,Pomona,0.05:10,0:00:15,MTC
77,0.06:49,0.06:51,EMS,0.06:49,0:00:02,EMSLO
77,0.07:03,0.07:05,EMSLO,0.07:03,0:00:02,EMS
77,0.08:29,0.08:35,CiGL,0.08:29,0:00:06,CiCLO
77,0.09:27,0.09:35,CiCLO,0.09:27,0:00:08,CiGL
77,0.11:00,0.11:02,EMS,0.11:00,0:00:02,EMSLO
77,0.11:08,0.11:10,EMSLO,0.11:08,0:00:02,EMS
77,0.12:00,0.12:04,PHM,0.12:00,0:00:04,PHMLO
77,0.12:12,0.12:13,PHMLO,0.12:12,0:00:01,PHM
77,0.12:55,0.12:57,EMS,0.12:55,0:00:02,EMSLO
77,0.12:57,0.13:13,EMSLO,0.12:57,0:00:16,EMSLO
104,0.13:13,0.13:15,EMSLO,0.13:13,0:00:02,EMS
104,0.14:19,0.14:23,TeSC,0.14:19,0:00:04,VaLO
104,0.14:28,0.14:30,VaLO,0.14:28,0:00:02,TeSC
104,0.15:35,0.15:37,EMS,0.15:35,0:00:02,EMSLO
104,0.16:00,0.16:40,EMSLO,0.16:00,0:00:40,Fi9t
104,0.18:25,0.18:30,GrPR,0.18:25,0:00:05,CiGL
104,0.19:55,0.19:57,EMS,0.19:55,0:00:02,EMSLO
104,0.20:08,0.20:10,EMSLO,0.20:08,0:00:02,EMS
104,0.21:08,0.21:12,TeSC,0.21:08,0:00:04,VaLO
104,0.21:23,0.21:25,VaLO,0.21:23,0:00:02,TeSC
104,0.22:25,0.23:17,EMS,0.22:25,0:00:52,Pomona
23,0.04:50,0.05:10,Pomona,0.04:50,0:00:20,Pomona
23,0.05:10,0.05:20,Pomona,0.05:10,0:00:10,PTC
23,0.06:30,0.06:34,PHM,0.06:30,0:00:04,PHMLO
23,0.06:44,0.06:45,PHMLO,0.06:44,0:00:01,PHM
23,0.07:26,0.07:28,EMS,0.07:26,0:00:02,EMSLO
23,0.07:38,0.08:00,EMSLO,0.07:38,0:00:22,CiGL
23,0.09:25,0.09:27,EMS,0.09:25,0:00:02,EMSLO
23,0.09:38,0.09:40,EMSLO,0.09:38,0:00:02,EMS
23,0.10:26,0.10:30,PHM,0.10:26,0:00:04,PHMLO
23,0.11:24,0.11:25,PHMLO,0.11:24,0:00:01,PHM
23,0.12:12,0.12:16,TeSC,0.12:12,0:00:04,VaLO
23,0.12:16,0.12:23,VaLO,0.12:16,0:00:07,VaLO
100,0.12:23,0.12:25,VaLO,0.12:23,0:00:02,TeSC
100,0.13:12,0.13:16,PHM,0.13:12,0:00:04,PHMLO
100,0.13:34,0.13:35,PHMLO,0.13:34,0:00:01,PHM
100,0.15:23,0.15:27,PHM,0.15:23,0:00:04,PHMLO
100,0.16:14,0.16:15,PHMLO,0.16:14,0:00:01,PHM
100,0.17:42,0.17:44,PTC,0.17:42,0:00:02,PTCLO
100,0.17:50,0.18:05,PTCLO,0.17:50,0:00:15,MTC
100,0.19:39,0.19:41,EMS,0.19:39,0:00:02,EMSLO
100,0.19:58,0.20:00,EMSLO,0.19:58,0:00:02,EMS
100,0.21:34,0.21:49,MTC,0.21:34,0:00:15,Pomona
125,0.04:52,0.05:12,Pomona,0.04:52,0:00:20,Pomona
125,0.05:12,0.05:27,Pomona,0.05:12,0:00:15,MTC
125,0.06:44,0.07:34,9thHo,0.06:44,0:00:50,SDPR
125,0.08:53,0.09:48,9thHo,0.08:53,0:00:55,Pomona
32,0.16:05,0.16:25,Pomona,0.16:05,0:00:20,Pomona
32,0.16:25,0.16:35,Pomona,0.16:25,0:00:10,PTC
32,0.18:16,0.18:18,PTC,0.18:16,0:00:02,PTCLO
32,0.18:28,0.18:30,PTCLO,0.18:28,0:00:02,PTC
32,0.19:42,0.19:46,PHM,0.19:42,0:00:04,PHMLO
32,0.20:14,0.20:15,PHMLO,0.20:14,0:00:01,PHM
32,0.21:20,0.21:22,PTC,0.21:20,0:00:02,PTCLO
32,0.21:58,0.22:00,PTCLO,0.21:58,0:00:02,PTC
32,0.23:05,0.23:45,PHM,0.23:05,0:00:40,Pomona
79,0.04:55,0.05:15,Pomona,0.04:55,0:00:20,Pomona
79,0.05:15,0.05:30,Pomona,0.05:15,0:00:15,MTC
79,0.06:20,0.06:22,PTC,0.06:20,0:00:02,PTCLO
79,0.06:27,0.06:29,PTCLO,0.06:27,0:00:02,PTC
79,0.07:25,0.07:30,CTC,0.07:25,0:00:05,MTC
79,0.08:20,0.08:22,PTC,0.08:20,0:00:02,PTCLO
79,0.08:28,0.08:30,PTCLO,0.08:28,0:00:02,PTC
79,0.10:29,0.10:31,PTC,0.10:29,0:00:02,PTCLO
79,0.11:28,0.11:30,PTCLO,0.11:28,0:00:02,PTC
79,0.12:40,0.12:44,PHM,0.12:40,0:00:04,PHMLO
79,0.13:14,0.13:15,PHMLO,0.13:14,0:00:01,PHM
79,0.14:35,0.14:37,PTC,0.14:35,0:00:02,PTCLO
79,0.14:58,0.15:00,PTCLO,0.14:58,0:00:02,PTC
79,0.15:55,0.15:57,MTC,0.15:55,0:00:02,MTCLO
79,0.15:57,0.16:03,MTCLO,0.15:57,0:00:06,MTCLO
31,0.16:03,0.16:05,MTCLO,0.16:03,0:00:02,MTC
31,0.17:46,0.17:48,EMS,0.17:46,0:00:02,EMSLO
31,0.17:58,0.18:00,EMSLO,0.17:58,0:00:02,EMS
31,0.19:45,0.19:47,MTC,0.19:45,0:00:02,MTCLO
31,0.19:58,0.20:00,MTCLO,0.19:58,0:00:02,MTC
31,0.20:50,0.20:52,PTC,0.20:50,0:00:02,PTCLO
31,0.21:28,0.21:30,PTCLO,0.21:28,0:00:02,PTC
31,0.22:34,0.22:38,PHM,0.22:34,0:00:04,PHMLO
31,0.22:54,0.22:55,PHMLO,0.22:54,0:00:01,PHM
31,0.23:55,1.00:05,PTC,0.23:55,0:36:10,Pomona
80,0.04:55,0.05:15,Pomona,0.04:55,0:00:20,Pomona
80,0.05:15,0.05:25,Pomona,0.05:15,0:00:10,PTC
80,0.06:20,0.06:25,MTC,0.06:20,0:00:05,CTC
80,0.07:15,0.07:17,PTC,0.07:15,0:00:02,PTCLO
80,0.07:28,0.07:30,PTCLO,0.07:28,0:00:02,PTC
80,0.08:25,0.08:30,CTC,0.08:25,0:00:05,MTC
80,0.09:20,0.09:22,PTC,0.09:20,0:00:02,PTCLO
80,0.09:58,0.10:00,PTCLO,0.09:58,0:00:02,PTC
80,0.11:22,0.11:26,PHM,0.11:22,0:00:04,PHMLO
80,0.11:34,0.11:35,PHMLO,0.11:34,0:00:01,PHM
80,0.13:23,0.13:27,PHM,0.13:23,0:00:04,PHMLO
80,0.13:44,0.13:45,PHMLO,0.13:44,0:00:01,PHM
80,0.15:05,0.15:15,PTC,0.15:05,0:00:10,Pomona
30,0.15:35,0.15:55,Pomona,0.15:35,0:00:20,Pomona
30,0.15:55,0.16:30,Pomona,0.15:55,0:00:35,CiGL
30,0.17:55,0.17:57,EMS,0.17:55,0:00:02,EMSLO
30,0.18:13,0.18:15,EMSLO,0.18:13,0:00:02,EMS
30,0.19:38,0.19:44,CiGL,0.19:38,0:00:06,CiCLO
30,0.20:22,0.20:30,CiCLO,0.20:22,0:00:08,CiGL
30,0.21:46,0.21:48,EMS,0.21:46,0:00:02,EMSLO
30,0.22:01,0.22:25,EMSLO,0.22:01,0:00:24,TeSC
30,0.23:20,0.23:22,EMS,0.23:20,0:00:02,EMSLO
30,0.23:28,0.23:50,EMSLO,0.23:28,0:00:22,PHM
30,1.00:28,1.01:13,EMS,1.00:28,0:00:45,Pomona
126,0.04:55,0.05:15,Pomona,0.04:55,0:00:20,Pomona
126,0.05:15,0.05:30,Pomona,0.05:15,0:00:15,RiVa
126,0.06:09,0.06:25,PTC,0.06:09,0:00:16,IMPR
126,0.07:27,0.08:22,9thHo,0.07:27,0:00:55,Pomona
24,0.14:55,0.15:15,Pomona,0.14:55,0:00:20,Pomona
24,0.15:15,0.15:30,Pomona,0.15:15,0:00:15,TeSC
24,0.16:35,0.16:37,EMS,0.16:35,0:00:02,EMSLO
24,0.16:43,0.16:45,EMSLO,0.16:43,0:00:02,EMS
24,0.18:10,0.18:16,CiGL,0.18:10,0:00:06,CiCLO
24,0.19:07,0.19:30,CiCLO,0.19:07,0:00:23,PTC
24,0.20:38,0.20:42,PHM,0.20:38,0:00:04,PHMLO
24,0.20:49,0.20:50,PHMLO,0.20:49,0:00:01,PHM
24,0.21:28,0.21:30,EMS,0.21:28,0:00:02,EMSLO
24,0.21:38,0.21:40,EMSLO,0.21:38,0:00:02,EMS
24,0.22:37,0.22:41,TeSC,0.22:37,0:00:04,VaLO
24,0.22:53,0.22:55,VaLO,0.22:53,0:00:02,TeSC
24,0.23:50,1.00:42,EMS,0.23:50,0:36:52,Pomona
78,0.04:55,0.05:15,Pomona,0.04:55,0:00:20,Pomona
78,0.05:15,0.05:30,Pomona,0.05:15,0:00:15,TeSC
78,0.06:27,0.06:49,EMS,0.06:27,0:00:22,GrPR
78,0.08:05,0.08:49,9thHo,0.08:05,0:00:44,PTCLO
78,0.08:58,0.09:00,PTCLO,0.08:58,0:00:02,PTC
78,0.10:26,0.10:30,PHM,0.10:26,0:00:04,PHMLO
78,0.11:09,0.11:10,PHMLO,0.11:09,0:00:01,PHM
78,0.12:30,0.12:32,PTC,0.12:30,0:00:02,PTCLO
78,0.12:58,0.13:00,PTCLO,0.12:58,0:00:02,PTC
78,0.14:52,0.14:54,PTC,0.14:52,0:00:02,PTCLO
78,0.14:54,0.15:00,PTCLO,0.14:54,0:00:06,PTCLO
42,0.15:00,0.16:00,PTCLO,0.15:00,0:01:00,Fi9t
42,0.17:16,0.17:35,GrPR,0.17:16,0:00:19,PTC
42,0.19:13,0.19:23,PTC,0.19:13,0:00:10,Pomona
81,0.04:58,0.05:18,Pomona,0.04:58,0:00:20,Pomona
81,0.05:18,0.05:48,Pomona,0.05:18,0:00:30,SDPR
81,0.06:47,0.07:22,9thHo,0.06:47,0:00:35,EMSLO
81,0.07:28,0.07:30,EMSLO,0.07:28,0:00:02,EMS
81,0.09:09,0.09:11,MTC,0.09:09,0:00:02,MTCLO
81,0.09:28,0.09:30,MTCLO,0.09:28,0:00:02,MTC
81,0.10:20,0.10:38,PTC,0.10:20,0:00:18,CiCLO
81,0.11:27,0.11:35,CiCLO,0.11:27,0:00:08,CiGL
81,0.13:00,0.13:02,EMS,0.13:00,0:00:02,EMSLO
81,0.13:28,0.13:30,EMSLO,0.13:28,0:00:02,EMS
81,0.15:15,0.15:17,MTC,0.15:15,0:00:02,MTCLO
81,0.15:28,0.15:30,MTCLO,0.15:28,0:00:02,MTC
81,0.16:20,0.16:22,PTC,0.16:20,0:00:02,PTCLO
81,0.16:22,0.16:28,PTCLO,0.16:22,0:00:06,PTCLO
33,0.16:28,0.16:30,PTCLO,0.16:28,0:00:02,PTC
33,0.17:58,0.18:02,PHM,0.17:58,0:00:04,PHMLO
33,0.18:19,0.18:20,PHMLO,0.18:19,0:00:01,PHM
33,0.19:50,0.19:52,PTC,0.19:50,0:00:02,PTCLO
33,0.19:58,0.20:00,PTCLO,0.19:58,0:00:02,PTC
33,0.20:55,0.20:57,MTC,0.20:55,0:00:02,MTCLO
33,0.21:43,0.21:45,MTCLO,0.21:43,0:00:02,MTC
33,0.23:11,1.00:03,EMS,0.23:11,0:36:52,Pomona
128,0.05:00,0.05:20,Pomona,0.05:00,0:00:20,Pomona
128,0.05:20,0.05:35,Pomona,0.05:20,0:00:15,CTC
128,0.06:15,0.06:29,PTC,0.06:15,0:00:14,SDPR
128,0.07:37,0.08:27,9thHo,0.07:37,0:00:50,IMPR
128,0.09:37,0.10:32,9thHo,0.09:37,0:00:55,Pomona
129,0.05:04,0.05:24,Pomona,0.05:04,0:00:20,Pomona
129,0.05:24,0.05:59,Pomona,0.05:24,0:00:35,CiGL
129,0.07:20,0.07:22,EMS,0.07:20,0:00:02,EMSLO
129,0.07:34,0.07:36,EMSLO,0.07:34,0:00:02,EMS
129,0.08:39,0.08:43,TeSC,0.08:39,0:00:04,VaLO
129,0.08:58,0.09:00,VaLO,0.08:58,0:00:02,TeSC
129,0.10:03,0.10:48,EMS,0.10:03,0:00:45,Pomona
10,0.13:18,0.13:38,Pomona,0.13:18,0:00:20,Pomona
10,0.13:38,0.14:48,Pomona,0.13:38,0:01:10,Fi9t
10,0.16:14,0.17:14,SDPR,0.16:14,0:01:00,Fi9t
10,0.18:51,0.18:53,MTC,0.18:51,0:00:02,MTCLO
10,0.19:33,0.19:35,MTCLO,0.19:33,0:00:02,MTC
10,0.21:06,0.21:08,EMS,0.21:06,0:00:02,EMSLO
10,0.21:28,0.21:30,EMSLO,0.21:28,0:00:02,EMS
10,0.23:04,0.23:19,MTC,0.23:04,0:00:15,Pomona
130,0.05:04,0.05:24,Pomona,0.05:04,0:00:20,Pomona
130,0.05:24,0.05:54,Pomona,0.05:24,0:00:30,IMPR
130,0.06:50,0.07:35,9thHo,0.06:50,0:00:45,VaLO
130,0.07:47,0.07:49,VaLO,0.07:47,0:00:02,TeSC
130,0.08:53,0.09:33,EMS,0.08:53,0:00:40,Pomona
127,0.14:30,0.14:50,Pomona,0.14:30,0:00:20,Pomona
127,0.14:50,0.15:00,Pomona,0.14:50,0:00:10,PTC
127,0.16:28,0.16:32,PHM,0.16:28,0:00:04,PHMLO
127,0.16:39,0.16:40,PHMLO,0.16:39,0:00:01,PHM
127,0.18:09,0.18:19,PTC,0.18:09,0:00:10,Pomona
132,0.05:05,0.05:25,Pomona,0.05:05,0:00:20,Pomona
132,0.05:25,0.05:35,Pomona,0.05:25,0:00:10,PTC
132,0.06:22,0.06:25,RiVa,0.06:22,0:00:03,TeSC
132,0.07:08,0.07:43,PHM,0.07:08,0:00:35,IMPR
132,0.08:45,0.09:40,9thHo,0.08:45,0:00:55,Pomona
46,0.14:00,0.14:20,Pomona,0.14:00,0:00:20,Pomona
46,0.14:20,0.14:30,Pomona,0.14:20,0:00:10,PTC
46,0.15:25,0.15:27,MTC,0.15:25,0:00:02,MTCLO
46,0.15:33,0.15:35,MTCLO,0.15:33,0:00:02,MTC
46,0.17:13,0.17:15,EMS,0.17:13,0:00:02,EMSLO
46,0.17:28,0.17:30,EMSLO,0.17:28,0:00:02,EMS
46,0.19:20,0.19:35,MTC,0.19:20,0:00:15,Pomona
82,0.05:06,0.05:26,Pomona,0.05:06,0:00:20,Pomona
82,0.05:26,0.05:41,Pomona,0.05:26,0:00:15,MTC
82,0.07:06,0.07:56,9thHo,0.07:06,0:00:50,SDPR
82,0.09:13,0.09:50,9thHo,0.09:13,0:00:37,PHMLO
82,0.10:34,0.10:35,PHMLO,0.10:34,0:00:01,PHM
82,0.12:23,0.12:27,PHM,0.12:23,0:00:04,PHMLO
82,0.13:24,0.13:25,PHMLO,0.13:24,0:00:01,PHM
82,0.14:11,0.14:15,TeSC,0.14:11,0:00:04,VaLO
82,0.14:24,0.15:00,VaLO,0.14:24,0:00:36,EMS
82,0.16:46,0.17:01,MTC,0.16:46,0:00:15,Pomona
133,0.05:05,0.05:25,Pomona,0.05:05,0:00:20,Pomona
133,0.05:25,0.06:05,Pomona,0.05:25,0:00:40,BMTC
133,0.06:52,0.07:06,PTC,0.06:52,0:00:14,SDPR
133,0.08:39,0.09:34,9thHo,0.08:39,0:00:55,Pomona
97,0.11:40,0.12:00,Pomona,0.11:40,0:00:20,Pomona
97,0.12:00,0.12:35,Pomona,0.12:00,0:00:35,CiGL
97,0.14:00,0.14:02,EMS,0.14:00,0:00:02,EMSLO
97,0.14:13,0.14:15,EMSLO,0.14:13,0:00:02,EMS
97,0.15:20,0.15:24,TeSC,0.15:20,0:00:04,VaLO
97,0.16:09,0.16:55,VaLO,0.16:09,0:00:46,Fi9t
97,0.18:17,0.18:35,IMPR,0.18:17,0:00:18,PHM
97,0.20:15,0.20:19,PHM,0.20:15,0:00:04,PHMLO
97,0.20:34,0.20:35,PHMLO,0.20:34,0:00:01,PHM
97,0.21:11,0.21:56,BeLH,0.21:11,0:00:45,Pomona
25,0.05:10,0.05:30,Pomona,0.05:10,0:00:20,Pomona
25,0.05:30,0.05:45,Pomona,0.05:30,0:00:15,MTC
25,0.07:09,0.07:11,EMS,0.07:09,0:00:02,EMSLO
25,0.07:22,0.07:24,EMSLO,0.07:22,0:00:02,EMS
25,0.08:28,0.08:32,TeSC,0.08:28,0:00:04,VaLO
25,0.09:13,0.09:15,VaLO,0.09:13,0:00:02,TeSC
25,0.10:19,0.10:21,EMS,0.10:19,0:00:02,EMSLO
25,0.10:28,0.10:30,EMSLO,0.10:28,0:00:02,EMS
25,0.12:11,0.12:13,MTC,0.12:11,0:00:02,MTCLO
25,0.12:28,0.12:30,MTCLO,0.12:28,0:00:02,MTC
25,0.13:20,0.13:22,PTC,0.13:20,0:00:02,PTCLO
25,0.13:22,0.13:28,PTCLO,0.13:22,0:00:06,PTCLO
18,0.13:28,0.13:30,PTCLO,0.13:28,0:00:02,PTC
18,0.14:42,0.14:46,PHM,0.14:42,0:00:04,PHMLO
18,0.15:14,0.15:15,PHMLO,0.15:14,0:00:01,PHM
18,0.16:29,0.16:31,PTC,0.16:29,0:00:02,PTCLO
18,0.17:28,0.17:30,PTCLO,0.17:28,0:00:02,PTC
18,0.18:57,0.19:01,PHM,0.18:57,0:00:04,PHMLO
18,0.19:13,0.19:14,PHMLO,0.19:13,0:00:01,PHM
18,0.19:54,0.19:56,EMS,0.19:54,0:00:02,EMSLO
18,0.20:03,0.20:05,EMSLO,0.20:03,0:00:02,EMS
18,0.21:21,0.21:53,CiGL,0.21:21,0:00:32,Pomona
84,0.05:10,0.05:30,Pomona,0.05:10,0:00:20,Pomona
84,0.05:30,0.05:40,Pomona,0.05:30,0:00:10,PTC
84,0.06:50,0.06:54,PHM,0.06:50,0:00:04,PHMLO
84,0.07:12,0.07:13,PHMLO,0.07:12,0:00:01,PHM
84,0.07:56,0.07:58,EMS,0.07:56,0:00:02,EMSLO
84,0.08:03,0.08:05,EMSLO,0.08:03,0:00:02,EMS
84,0.09:29,0.09:35,CiGL,0.09:29,0:00:06,CiCLO
84,0.10:27,0.10:35,CiCLO,0.10:27,0:00:08,CiGL
84,0.12:00,0.12:02,EMS,0.12:00,0:00:02,EMSLO
84,0.12:13,0.12:15,EMSLO,0.12:13,0:00:02,EMS
84,0.13:19,0.13:23,TeSC,0.13:19,0:00:04,VaLO
84,0.13:28,0.13:30,VaLO,0.13:28,0:00:02,TeSC
84,0.14:35,0.14:37,EMS,0.14:35,0:00:02,EMSLO
84,0.14:37,0.14:53,EMSLO,0.14:37,0:00:16,EMSLO
61,0.14:53,0.14:55,EMSLO,0.14:53,0:00:02,EMS
61,0.16:22,0.16:28,CiGL,0.16:22,0:00:06,CiCLO
61,0.16:33,0.17:35,CiCLO,0.16:33,0:01:02,Fi9t
61,0.18:49,0.19:19,IMPR,0.18:49,0:00:30,Pomona
134,0.05:10,0.05:30,Pomona,0.05:10,0:00:20,Pomona
134,0.05:30,0.05:45,Pomona,0.05:30,0:00:15,TeSC
134,0.06:44,0.06:46,EMS,0.06:44,0:00:02,EMSLO
134,0.06:58,0.07:00,EMSLO,0.06:58,0:00:02,EMS
134,0.08:39,0.08:54,MTC,0.08:39,0:00:15,Pomona
22,0.14:10,0.14:30,Pomona,0.14:10,0:00:20,Pomona
22,0.14:30,0.14:45,Pomona,0.14:30,0:00:15,TeSC
22,0.15:50,0.15:52,EMS,0.15:50,0:00:02,EMSLO
22,0.15:58,0.16:00,EMSLO,0.15:58,0:00:02,EMS
22,0.17:08,0.17:12,TeSC,0.17:08,0:00:04,VaLO
22,0.17:23,0.17:25,VaLO,0.17:23,0:00:02,TeSC
22,0.18:15,0.18:19,PHM,0.18:15,0:00:04,PHMLO
22,0.18:24,0.18:25,PHMLO,0.18:24,0:00:01,PHM
22,0.19:11,0.19:15,TeSC,0.19:11,0:00:04,VaLO
22,0.19:53,0.19:55,VaLO,0.19:53,0:00:02,TeSC
22,0.20:56,0.20:58,EMS,0.20:56,0:00:02,EMSLO
22,0.21:08,0.21:10,EMSLO,0.21:08,0:00:02,EMS
22,0.22:07,0.22:22,TeSC,0.22:07,0:00:15,Pomona
83,0.05:10,0.05:30,Pomona,0.05:10,0:00:20,Pomona
83,0.05:30,0.06:00,Pomona,0.05:30,0:00:30,GrPR
83,0.07:05,0.07:55,9thHo,0.07:05,0:00:50,IMPR
83,0.08:57,0.09:34,9thHo,0.08:57,0:00:37,PHMLO
83,0.09:54,0.09:55,PHMLO,0.09:54,0:00:01,PHM
83,0.10:42,0.10:46,TeSC,0.10:42,0:00:04,VaLO
83,0.11:58,0.12:00,VaLO,0.11:58,0:00:02,TeSC
83,0.13:04,0.13:06,EMS,0.13:04,0:00:02,EMSLO
83,0.13:38,0.13:40,EMSLO,0.13:38,0:00:02,EMS
83,0.14:30,0.14:34,PHM,0.14:30,0:00:04,PHMLO
83,0.14:44,0.14:45,PHMLO,0.14:44,0:00:01,PHM
83,0.16:07,0.16:17,PTC,0.16:07,0:00:10,Pomona
135,0.05:15,0.05:35,Pomona,0.05:15,0:00:20,Pomona
135,0.05:35,0.06:15,Pomona,0.05:35,0:00:40,PHM
135,0.06:56,0.06:58,EMS,0.06:56,0:00:02,EMSLO
135,0.07:10,0.07:30,EMSLO,0.07:10,0:00:20,CoTC
135,0.08:30,0.09:25,9thHo,0.08:30,0:00:55,Pomona
37,0.13:44,0.14:04,Pomona,0.13:44,0:00:20,Pomona
37,0.14:04,0.15:15,Pomona,0.14:04,0:01:11,Fi9t
37,0.16:42,0.17:00,SDPR,0.16:42,0:00:18,PTC
37,0.18:55,0.19:05,PTC,0.18:55,0:00:10,Pomona
136,0.05:18,0.05:38,Pomona,0.05:18,0:00:20,Pomona
136,0.05:38,0.05:53,Pomona,0.05:38,0:00:15,MTC
136,0.07:25,0.08:10,9thHo,0.07:25,0:00:45,VaLO
136,0.08:23,0.08:25,VaLO,0.08:23,0:00:02,TeSC
136,0.09:12,0.09:16,PHM,0.09:12,0:00:04,PHMLO
136,0.09:24,0.09:25,PHMLO,0.09:24,0:00:01,PHM
136,0.10:12,0.10:27,TeSC,0.10:12,0:00:15,Pomona
29,0.15:25,0.15:45,Pomona,0.15:25,0:00:20,Pomona
29,0.15:45,0.16:00,Pomona,0.15:45,0:00:15,TeSC
29,0.17:06,0.17:08,EMS,0.17:06,0:00:02,EMSLO
29,0.17:13,0.17:15,EMSLO,0.17:13,0:00:02,EMS
29,0.18:39,0.18:45,CiGL,0.18:39,0:00:06,CiCLO
29,0.19:06,0.19:25,CiCLO,0.19:06,0:00:19,TeSC
29,0.20:13,0.20:17,PHM,0.20:13,0:00:04,PHMLO
29,0.21:14,0.21:15,PHMLO,0.21:14,0:00:01,PHM
29,0.22:18,0.22:20,PTC,0.22:18,0:00:02,PTCLO
29,0.22:28,0.22:30,PTCLO,0.22:28,0:00:02,PTC
29,0.23:35,0.23:39,PHM,0.23:35,0:00:04,PHMLO
29,0.23:54,0.23:55,PHMLO,0.23:54,0:00:01,PHM
29,1.00:55,1.01:05,PTC,1.00:55,0:00:10,Pomona
62,0.05:22,0.05:42,Pomona,0.05:22,0:00:20,Pomona
62,0.05:42,0.06:12,Pomona,0.05:42,0:00:30,SDPR
62,0.07:12,0.07:47,9thHo,0.07:12,0:00:35,EMSLO
62,0.07:58,0.08:00,EMSLO,0.07:58,0:00:02,EMS
62,0.09:38,0.09:55,MTC,0.09:38,0:00:17,PTCLO
62,0.10:33,0.10:35,PTCLO,0.10:33,0:00:02,PTC
62,0.12:13,0.12:15,PTC,0.12:13,0:00:02,PTCLO
62,0.12:28,0.12:30,PTCLO,0.12:28,0:00:02,PTC
62,0.14:44,0.14:46,PTC,0.14:44,0:00:02,PTCLO
62,0.14:58,0.15:00,PTCLO,0.14:58,0:00:02,PTC
62,0.16:55,0.17:05,PTC,0.16:55,0:00:10,Pomona
137,0.05:22,0.05:42,Pomona,0.05:22,0:00:20,Pomona
137,0.05:42,0.05:57,Pomona,0.05:42,0:00:15,TeSC
137,0.06:57,0.06:59,EMS,0.06:57,0:00:02,EMSLO
137,0.07:10,0.07:12,EMSLO,0.07:10,0:00:02,EMS
137,0.08:16,0.08:20,TeSC,0.08:16,0:00:04,VaLO
137,0.08:31,0.08:33,VaLO,0.08:31,0:00:02,TeSC
137,0.09:37,0.10:17,EMS,0.09:37,0:00:40,Pomona
2,0.13:00,0.13:20,Pomona,0.13:00,0:00:20,Pomona
2,0.13:20,0.13:30,Pomona,0.13:20,0:00:10,PTC
2,0.14:25,0.14:27,MTC,0.14:25,0:00:02,MTCLO
2,0.14:33,0.14:35,MTCLO,0.14:33,0:00:02,MTC
2,0.16:13,0.16:15,EMS,0.16:13,0:00:02,EMSLO
2,0.16:28,0.16:30,EMSLO,0.16:28,0:00:02,EMS
2,0.18:20,0.18:22,MTC,0.18:20,0:00:02,MTCLO
2,0.18:58,0.19:00,MTCLO,0.18:58,0:00:02,MTC
2,0.19:50,0.19:52,PTC,0.19:50,0:00:02,PTCLO
2,0.19:58,0.20:00,PTCLO,0.19:58,0:00:02,PTC
2,0.21:04,0.21:08,PHM,0.21:04,0:00:04,PHMLO
2,0.21:19,0.21:20,PHMLO,0.21:19,0:00:01,PHM
2,0.21:58,0.22:00,EMS,0.21:58,0:00:02,EMSLO
2,0.22:08,0.22:10,EMSLO,0.22:08,0:00:02,EMS
2,0.23:06,0.23:21,TeSC,0.23:06,0:00:15,Pomona
85,0.05:23,0.05:43,Pomona,0.05:23,0:00:20,Pomona
85,0.05:43,0.05:53,Pomona,0.05:43,0:00:10,PTC
85,0.06:48,0.06:50,MTC,0.06:48,0:00:02,MTCLO
85,0.06:58,0.07:00,MTCLO,0.06:58,0:00:02,MTC
85,0.07:50,0.07:52,PTC,0.07:50,0:00:02,PTCLO
85,0.07:58,0.08:00,PTCLO,0.07:58,0:00:02,PTC
85,0.08:55,0.08:57,MTC,0.08:55,0:00:02,MTCLO
85,0.09:33,0.09:35,MTCLO,0.09:33,0:00:02,MTC
85,0.11:10,0.11:12,EMS,0.11:10,0:00:02,EMSLO
85,0.11:18,0.11:20,EMSLO,0.11:18,0:00:02,EMS
85,0.13:02,0.13:04,MTC,0.13:02,0:00:02,MTCLO
85,0.13:28,0.13:30,MTCLO,0.13:28,0:00:02,MTC
85,0.14:20,0.14:22,PTC,0.14:20,0:00:02,PTCLO
85,0.14:22,0.14:28,PTCLO,0.14:22,0:00:06,PTCLO
56,0.14:28,0.14:30,PTCLO,0.14:28,0:00:02,PTC
56,0.15:25,0.16:20,CTC,0.15:25,0:00:55,Fi9t
56,0.17:41,0.18:00,GrPR,0.17:41,0:00:19,PTC
56,0.19:52,0.20:02,PTC,0.19:52,0:00:10,Pomona
138,0.05:24,0.05:44,Pomona,0.05:24,0:00:20,Pomona
138,0.05:44,0.06:14,Pomona,0.05:44,0:00:30,IMPR
138,0.07:11,0.07:46,9thHo,0.07:11,0:00:35,EMSLO
138,0.07:58,0.08:00,EMSLO,0.07:58,0:00:02,EMS
138,0.09:03,0.09:18,TeSC,0.09:03,0:00:15,Pomona
43,0.13:30,0.13:50,Pomona,0.13:30,0:00:20,Pomona
43,0.13:50,0.14:00,Pomona,0.13:50,0:00:10,PTC
43,0.15:23,0.15:27,PHM,0.15:23,0:00:04,PHMLO
43,0.15:42,0.15:43,PHMLO,0.15:42,0:00:01,PHM
43,0.16:29,0.16:31,EMS,0.16:29,0:00:02,EMSLO
43,0.16:38,0.16:40,EMSLO,0.16:38,0:00:02,EMS
43,0.17:32,0.17:36,PHM,0.17:32,0:00:04,PHMLO
43,0.17:43,0.17:44,PHMLO,0.17:43,0:00:01,PHM
43,0.18:30,0.19:10,EMS,0.18:30,0:00:40,Pomona
139,0.05:25,0.05:45,Pomona,0.05:25,0:00:20,Pomona
139,0.05:45,0.06:00,Pomona,0.05:45,0:00:15,MTC
139,0.06:50,0.06:52,PTC,0.06:50,0:00:02,PTCLO
139,0.06:58,0.07:00,PTCLO,0.06:58,0:00:02,PTC
139,0.08:52,0.09:02,PTC,0.08:52,0:00:10,Pomona
134,0.13:03,0.13:23,Pomona,0.13:03,0:00:20,Pomona
134,0.13:23,0.14:33,Pomona,0.13:23,0:01:10,Fi9t
134,0.15:49,0.16:39,IMPR,0.15:49,0:00:50,Fi9t
134,0.18:16,0.18:31,MTC,0.18:16,0:00:15,Pomona
86,0.05:30,0.05:50,Pomona,0.05:30,0:00:20,Pomona
86,0.05:50,0.06:05,Pomona,0.05:50,0:00:15,CTC
86,0.06:45,0.06:47,PTC,0.06:45,0:00:02,PTCLO
86,0.06:58,0.07:00,PTCLO,0.06:58,0:00:02,PTC
86,0.08:26,0.08:30,PHM,0.08:26,0:00:04,PHMLO
86,0.08:39,0.08:40,PHMLO,0.08:39,0:00:01,PHM
86,0.10:02,0.10:12,PTC,0.10:02,0:00:10,VaLO
86,0.10:23,0.10:25,VaLO,0.10:23,0:00:02,TeSC
86,0.11:12,0.11:16,PHM,0.11:12,0:00:04,PHMLO
86,0.12:34,0.12:35,PHMLO,0.12:34,0:00:01,PHM
86,0.14:23,0.14:27,PHM,0.14:23,0:00:04,PHMLO
86,0.15:13,0.15:50,PHMLO,0.15:13,0:00:37,Fi9t
86,0.17:24,0.17:39,MTC,0.17:24,0:00:15,Pomona
40,0.05:30,0.05:50,Pomona,0.05:30,0:00:20,Pomona
40,0.05:50,0.06:25,Pomona,0.05:50,0:00:35,CiGL
40,0.07:47,0.07:49,EMS,0.07:47,0:00:02,EMSLO
40,0.08:08,0.08:10,EMSLO,0.08:08,0:00:02,EMS
40,0.08:56,0.09:36,PHM,0.08:56,0:00:40,Pomona
53,0.14:25,0.14:45,Pomona,0.14:25,0:00:20,Pomona
53,0.14:45,0.15:00,Pomona,0.14:45,0:00:15,TeSC
53,0.16:05,0.16:07,EMS,0.16:05,0:00:02,EMSLO
53,0.16:12,0.16:14,EMSLO,0.16:12,0:00:02,EMS
53,0.17:41,0.18:09,CiGL,0.17:41,0:00:28,EMSLO
53,0.18:30,0.18:32,EMSLO,0.18:30,0:00:02,EMS
53,0.19:36,0.19:51,TeSC,0.19:36,0:00:15,Pomona
39,0.05:30,0.05:50,Pomona,0.05:30,0:00:20,Pomona
39,0.05:50,0.06:05,Pomona,0.05:50,0:00:15,MTC
39,0.07:31,0.07:33,EMS,0.07:31,0:00:02,EMSLO
39,0.07:43,0.07:45,EMSLO,0.07:43,0:00:02,EMS
39,0.09:09,0.09:49,CiGL,0.09:09,0:00:40,Pomona
57,0.14:29,0.14:49,Pomona,0.14:29,0:00:20,Pomona
57,0.14:49,0.16:00,Pomona,0.14:49,0:01:11,Fi9t
57,0.17:27,0.17:36,IMPR,0.17:27,0:00:09,TeSC
57,0.18:41,0.18:43,EMS,0.18:41,0:00:02,EMSLO
57,0.18:48,0.18:50,EMSLO,0.18:48,0:00:02,EMS
57,0.19:52,0.20:07,TeSC,0.19:52,0:00:15,Pomona
37,0.05:30,0.05:50,Pomona,0.05:30,0:00:20,Pomona
37,0.05:50,0.06:05,Pomona,0.05:50,0:00:15,MTC
37,0.07:37,0.08:16,9thHo,0.07:37,0:00:39,RiVa
37,0.09:11,0.09:21,PTC,0.09:11,0:00:10,Pomona
47,0.15:00,0.15:20,Pomona,0.15:00,0:00:20,Pomona
47,0.15:20,0.15:30,Pomona,0.15:20,0:00:10,PTC
47,0.16:50,0.16:54,PHM,0.16:50,0:00:04,PHMLO
47,0.17:08,0.17:45,PHMLO,0.17:08,0:00:37,Fi9t
47,0.19:18,0.19:33,MTC,0.19:18,0:00:15,Pomona
38,0.05:30,0.05:50,Pomona,0.05:30,0:00:20,Pomona
38,0.05:50,0.06:00,Pomona,0.05:50,0:00:10,PTC
38,0.07:52,0.07:54,PTC,0.07:52,0:00:02,PTCLO
38,0.08:05,0.08:07,PTCLO,0.08:05,0:00:02,PTC
38,0.08:56,0.09:11,CTC,0.08:56,0:00:15,Pomona
38,0.13:29,0.13:49,Pomona,0.13:29,0:00:20,Pomona
38,0.13:49,0.15:00,Pomona,0.13:49,0:01:11,Fi9t
38,0.16:15,0.16:30,GrPR,0.16:15,0:00:15,TeSC
38,0.17:37,0.17:39,EMS,0.17:37,0:00:02,EMSLO
38,0.17:45,0.17:47,EMSLO,0.17:45,0:00:02,EMS
38,0.18:54,0.19:09,TeSC,0.18:54,0:00:15,Pomona
87,0.05:30,0.05:50,Pomona,0.05:30,0:00:20,Pomona
87,0.05:50,0.06:00,Pomona,0.05:50,0:00:10,PTC
87,0.07:45,0.07:47,PTC,0.07:45,0:00:02,PTCLO
87,0.07:58,0.08:00,PTCLO,0.07:58,0:00:02,PTC
87,0.09:27,0.09:31,PHM,0.09:27,0:00:04,PHMLO
87,0.09:39,0.09:40,PHMLO,0.09:39,0:00:01,PHM
87,0.10:53,0.10:55,PTC,0.10:53,0:00:02,PTCLO
87,0.11:58,0.12:00,PTCLO,0.11:58,0:00:02,PTC
87,0.13:52,0.13:54,PTC,0.13:52,0:00:02,PTCLO
87,0.14:02,0.14:30,PTCLO,0.14:02,0:00:28,EMS
87,0.16:15,0.16:17,MTC,0.16:15,0:00:02,MTCLO
87,0.16:28,0.16:30,MTCLO,0.16:28,0:00:02,MTC
87,0.17:20,0.17:30,PTC,0.17:20,0:00:10,Pomona
88,0.05:30,0.05:50,Pomona,0.05:30,0:00:20,Pomona
88,0.05:50,0.06:00,Pomona,0.05:50,0:00:10,PTC
88,0.07:19,0.07:23,PHM,0.07:19,0:00:04,PHMLO
88,0.07:34,0.07:35,PHMLO,0.07:34,0:00:01,PHM
88,0.09:23,0.09:27,PHM,0.09:23,0:00:04,PHMLO
88,0.09:34,0.09:35,PHMLO,0.09:34,0:00:01,PHM
88,0.11:16,0.11:45,BeLH,0.11:16,0:00:29,EMS
88,0.12:49,0.12:53,TeSC,0.12:49,0:00:04,VaLO
88,0.12:58,0.13:00,VaLO,0.12:58,0:00:02,TeSC
88,0.14:04,0.14:06,EMS,0.14:04,0:00:02,EMSLO
88,0.14:25,0.15:05,EMSLO,0.14:25,0:00:40,Fi9t
88,0.16:35,0.16:50,MTC,0.16:35,0:00:15,Pomona
89,0.05:34,0.05:54,Pomona,0.05:34,0:00:20,Pomona
89,0.05:54,0.06:09,Pomona,0.05:54,0:00:15,TeSC
89,0.07:09,0.07:11,EMS,0.07:09,0:00:02,EMSLO
89,0.07:23,0.07:25,EMSLO,0.07:23,0:00:02,EMS
89,0.08:49,0.09:29,CiGL,0.08:49,0:00:40,Pomona
89,0.10:30,0.10:50,Pomona,0.10:30,0:00:20,Pomona
89,0.10:50,0.11:05,Pomona,0.10:50,0:00:15,MTC
89,0.12:39,0.12:41,EMS,0.12:39,0:00:02,EMSLO
89,0.12:58,0.13:00,EMSLO,0.12:58,0:00:02,EMS
89,0.14:45,0.14:47,MTC,0.14:45,0:00:02,MTCLO
89,0.14:58,0.15:00,MTCLO,0.14:58,0:00:02,MTC
89,0.15:50,0.15:52,PTC,0.15:50,0:00:02,PTCLO
49,0.15:52,0.15:54,PTCLO,0.15:52,0:00:02,PTC
49,0.17:00,0.17:55,CTC,0.17:00,0:00:55,Fi9t
49,0.19:27,0.19:42,MTC,0.19:27,0:00:15,Pomona
41,0.05:42,0.06:02,Pomona,0.05:42,0:00:20,Pomona
41,0.06:02,0.06:17,Pomona,0.06:02,0:00:15,MTC
41,0.07:49,0.08:26,9thHo,0.07:49,0:00:37,PHMLO
41,0.08:34,0.08:35,PHMLO,0.08:34,0:00:01,PHM
41,0.10:23,0.11:03,PHM,0.10:23,0:00:40,Pomona
136,0.14:30,0.14:50,Pomona,0.14:30,0:00:20,Pomona
136,0.14:50,0.15:00,Pomona,0.14:50,0:00:10,PTC
136,0.15:59,0.16:54,CTC,0.15:59,0:00:55,Fi9t
136,0.18:32,0.18:47,MTC,0.18:32,0:00:15,Pomona
42,0.05:46,0.06:06,Pomona,0.05:46,0:00:20,Pomona
42,0.06:06,0.06:21,Pomona,0.06:06,0:00:15,TeSC
42,0.07:22,0.07:24,EMS,0.07:22,0:00:02,EMSLO
42,0.07:38,0.07:40,EMSLO,0.07:38,0:00:02,EMS
42,0.08:26,0.08:30,PHM,0.08:26,0:00:04,PHMLO
42,0.08:42,0.08:43,PHMLO,0.08:42,0:00:01,PHM
42,0.09:28,0.09:30,EMS,0.09:28,0:00:02,EMSLO
42,0.09:43,0.09:45,EMSLO,0.09:43,0:00:02,EMS
42,0.10:46,0.10:50,TeSC,0.10:46,0:00:04,VaLO
92,0.10:50,0.10:52,VaLO,0.10:50,0:00:02,TeSC
92,0.12:04,0.12:06,EMS,0.12:04,0:00:02,EMSLO
92,0.12:28,0.12:30,EMSLO,0.12:28,0:00:02,EMS
92,0.13:34,0.13:38,TeSC,0.13:34,0:00:04,VaLO
92,0.13:43,0.13:45,VaLO,0.13:43,0:00:02,TeSC
92,0.14:50,0.14:52,EMS,0.14:50,0:00:02,EMSLO
92,0.14:58,0.15:00,EMSLO,0.14:58,0:00:02,EMS
92,0.16:08,0.16:12,TeSC,0.16:08,0:00:04,VaLO
92,0.17:17,0.18:03,VaLO,0.17:17,0:00:46,Fi9t
92,0.19:12,0.19:23,IMPR,0.19:12,0:00:11,RiVa
92,0.20:13,0.20:23,PTC,0.20:13,0:00:10,Pomona
43,0.05:50,0.06:10,Pomona,0.05:50,0:00:20,Pomona
43,0.06:10,0.06:25,Pomona,0.06:10,0:00:15,MTC
43,0.07:51,0.07:53,EMS,0.07:51,0:00:02,EMSLO
43,0.08:10,0.08:12,EMSLO,0.08:10,0:00:02,EMS
43,0.09:15,0.09:19,TeSC,0.09:15,0:00:04,VaLO
35,0.09:19,0.09:21,VaLO,0.09:19,0:00:02,TeSC
35,0.10:33,0.10:35,EMS,0.10:33,0:00:02,EMSLO
35,0.10:58,0.11:00,EMSLO,0.10:58,0:00:02,EMS
35,0.12:01,0.12:05,TeSC,0.12:01,0:00:04,VaLO
35,0.12:13,0.12:15,VaLO,0.12:13,0:00:02,TeSC
35,0.13:19,0.13:21,EMS,0.13:19,0:00:02,EMSLO
35,0.13:28,0.13:30,EMSLO,0.13:28,0:00:02,EMS
35,0.14:34,0.14:38,TeSC,0.14:34,0:00:04,VaLO
35,0.15:34,0.16:20,VaLO,0.15:34,0:00:46,Fi9t
35,0.17:43,0.18:33,IMPR,0.17:43,0:00:50,Fi9t
35,0.19:42,0.20:12,IMPR,0.19:42,0:00:30,Pomona
44,0.05:50,0.06:10,Pomona,0.05:50,0:00:20,Pomona
44,0.06:10,0.06:20,Pomona,0.06:10,0:00:10,PTC
44,0.07:15,0.07:17,MTC,0.07:15,0:00:02,MTCLO
44,0.07:25,0.07:27,MTCLO,0.07:25,0:00:02,MTC
44,0.08:59,0.09:01,EMS,0.08:59,0:00:02,EMSLO
44,0.09:28,0.09:30,EMSLO,0.09:28,0:00:02,EMS
44,0.10:31,0.10:46,TeSC,0.10:31,0:00:15,Pomona
44,0.15:00,0.15:20,Pomona,0.15:00,0:00:20,Pomona
44,0.15:20,0.15:30,Pomona,0.15:20,0:00:10,PTC
44,0.16:38,0.17:33,CTC,0.16:38,0:00:55,Fi9t
44,0.18:49,0.19:19,SDPR,0.18:49,0:00:30,Pomona
45,0.05:50,0.06:10,Pomona,0.05:50,0:00:20,Pomona
45,0.06:10,0.06:20,Pomona,0.06:10,0:00:10,PTC
45,0.07:39,0.07:43,PHM,0.07:39,0:00:04,PHMLO
45,0.07:54,0.07:55,PHMLO,0.07:54,0:00:01,PHM
45,0.08:38,0.08:42,TeSC,0.08:38,0:00:04,VaLO
45,0.08:49,0.09:00,VaLO,0.08:49,0:00:11,PTC
45,0.10:52,0.11:02,PTC,0.10:52,0:00:10,Pomona
4,0.13:00,0.13:20,Pomona,0.13:00,0:00:20,Pomona
4,0.13:20,0.14:10,Pomona,0.13:20,0:00:50,EMS
4,0.15:00,0.15:04,PHM,0.15:00,0:00:04,PHMLO
4,0.15:12,0.15:13,PHMLO,0.15:12,0:00:01,PHM
4,0.15:59,0.16:01,EMS,0.15:59,0:00:02,EMSLO
4,0.16:13,0.16:15,EMSLO,0.16:13,0:00:02,EMS
4,0.17:23,0.17:27,TeSC,0.17:23,0:00:04,VaLO
4,0.18:23,0.18:25,VaLO,0.18:23,0:00:02,TeSC
4,0.19:15,0.19:19,PHM,0.19:15,0:00:04,PHMLO
4,0.19:24,0.19:25,PHMLO,0.19:24,0:00:01,PHM
4,0.20:09,0.20:13,TeSC,0.20:09,0:00:04,VaLO
4,0.20:23,0.20:25,VaLO,0.20:23,0:00:02,TeSC
4,0.21:25,0.21:27,EMS,0.21:25,0:00:02,EMSLO
4,0.21:32,0.22:00,EMSLO,0.21:32,0:00:28,PTC
4,0.22:48,0.23:23,BMTC,0.22:48,0:00:35,Pomona
47,0.05:55,0.06:15,Pomona,0.05:55,0:00:20,Pomona
47,0.06:15,0.06:30,Pomona,0.06:15,0:00:15,MTC
47,0.07:20,0.07:22,PTC,0.07:20,0:00:02,PTCLO
47,0.07:28,0.07:30,PTCLO,0.07:28,0:00:02,PTC
47,0.08:25,0.08:27,MTC,0.08:25,0:00:02,MTCLO
47,0.08:43,0.08:45,MTCLO,0.08:43,0:00:02,MTC
47,0.10:18,0.11:03,EMS,0.10:18,0:00:45,Pomona
137,0.13:50,0.14:10,Pomona,0.13:50,0:00:20,Pomona
137,0.14:10,0.14:25,Pomona,0.14:10,0:00:15,TeSC
137,0.15:15,0.15:19,PHM,0.15:15,0:00:04,PHMLO
137,0.15:24,0.15:25,PHMLO,0.15:24,0:00:01,PHM
137,0.16:15,0.16:19,TeSC,0.16:15,0:00:04,VaLO
137,0.16:34,0.17:20,VaLO,0.16:34,0:00:46,Fi9t
137,0.18:29,0.18:59,GrPR,0.18:29,0:00:30,Pomona
46,0.05:55,0.06:15,Pomona,0.05:55,0:00:20,Pomona
46,0.06:15,0.06:30,Pomona,0.06:15,0:00:15,RiVa
46,0.07:09,0.07:11,PTC,0.07:09,0:00:02,PTCLO
46,0.07:16,0.07:31,PTCLO,0.07:16,0:00:15,MTC
46,0.09:05,0.10:00,9thHo,0.09:05,0:00:55,Pomona
45,0.14:05,0.14:25,Pomona,0.14:05,0:00:20,Pomona
45,0.14:25,0.15:15,Pomona,0.14:25,0:00:50,EMS
45,0.16:23,0.16:27,TeSC,0.16:23,0:00:04,VaLO
45,0.16:43,0.16:45,VaLO,0.16:43,0:00:02,TeSC
45,0.17:53,0.17:55,EMS,0.17:53,0:00:02,EMSLO
45,0.18:01,0.18:03,EMSLO,0.18:01,0:00:02,EMS
45,0.19:10,0.19:25,TeSC,0.19:10,0:00:15,Pomona
48,0.05:58,0.06:18,Pomona,0.05:58,0:00:20,Pomona
48,0.06:18,0.06:33,Pomona,0.06:18,0:00:15,MTC
48,0.08:06,0.08:43,9thHo,0.08:06,0:00:37,PHMLO
48,0.08:54,0.08:55,PHMLO,0.08:54,0:00:01,PHM
48,0.09:41,0.09:56,TeSC,0.09:41,0:00:15,Pomona
121,0.14:32,0.14:52,Pomona,0.14:32,0:00:20,Pomona
121,0.14:52,0.16:03,Pomona,0.14:52,0:01:11,Fi9t
121,0.17:39,0.17:54,MTC,0.17:39,0:00:15,Pomona
49,0.06:05,0.06:25,Pomona,0.06:05,0:00:20,Pomona
49,0.06:25,0.06:35,Pomona,0.06:25,0:00:10,PTC
49,0.08:11,0.08:13,PTC,0.08:11,0:00:02,PTCLO
49,0.08:28,0.08:30,PTCLO,0.08:28,0:00:02,PTC
49,0.09:57,0.10:01,PHM,0.09:57,0:00:04,PHMLO
49,0.10:09,0.10:10,PHMLO,0.10:09,0:00:01,PHM
49,0.11:29,0.11:39,PTC,0.11:29,0:00:10,Pomona
54,0.15:05,0.15:25,Pomona,0.15:05,0:00:20,Pomona
54,0.15:25,0.16:00,Pomona,0.15:25,0:00:35,CiGL
54,0.17:25,0.17:27,EMS,0.17:25,0:00:02,EMSLO
54,0.17:43,0.17:45,EMSLO,0.17:43,0:00:02,EMS
54,0.19:09,0.19:54,CiGL,0.19:09,0:00:45,Pomona
50,0.06:10,0.06:30,Pomona,0.06:10,0:00:20,Pomona
50,0.06:30,0.06:40,Pomona,0.06:30,0:00:10,PTC
50,0.07:59,0.08:03,PHM,0.07:59,0:00:04,PHMLO
50,0.08:12,0.08:13,PHMLO,0.08:12,0:00:01,PHM
50,0.08:58,0.09:00,EMS,0.08:58,0:00:02,EMSLO
50,0.09:28,0.09:30,EMSLO,0.09:28,0:00:02,EMS
50,0.10:54,0.11:34,CiGL,0.10:54,0:00:40,Pomona
39,0.14:14,0.14:34,Pomona,0.14:14,0:00:20,Pomona
39,0.14:34,0.15:45,Pomona,0.14:34,0:01:11,Fi9t
39,0.17:04,0.17:18,SDPR,0.17:04,0:00:14,TeSC
39,0.18:24,0.19:04,EMS,0.18:24,0:00:40,Pomona
52,0.06:11,0.06:31,Pomona,0.06:11,0:00:20,Pomona
52,0.06:31,0.06:46,Pomona,0.06:31,0:00:15,MTC
52,0.08:12,0.08:14,EMS,0.08:12,0:00:02,EMSLO
52,0.08:28,0.08:30,EMSLO,0.08:28,0:00:02,EMS
52,0.10:08,0.10:10,MTC,0.10:08,0:00:02,MTCLO
52,0.10:28,0.10:30,MTCLO,0.10:28,0:00:02,MTC
52,0.11:20,0.11:22,PTC,0.11:20,0:00:02,PTCLO
94,0.11:22,0.11:24,PTCLO,0.11:22,0:00:02,PTC
94,0.12:25,0.12:27,MTC,0.12:25,0:00:02,MTCLO
94,0.12:33,0.12:35,MTCLO,0.12:33,0:00:02,MTC
94,0.14:10,0.14:12,EMS,0.14:10,0:00:02,EMSLO
94,0.14:28,0.14:30,EMSLO,0.14:28,0:00:02,EMS
94,0.15:36,0.15:40,TeSC,0.15:36,0:00:04,VaLO
94,0.16:29,0.17:15,VaLO,0.16:29,0:00:46,Fi9t
94,0.18:40,0.19:00,IMPR,0.18:40,0:00:20,PTC
94,0.20:12,0.20:52,PHM,0.20:12,0:00:40,Pomona
51,0.06:11,0.06:31,Pomona,0.06:11,0:00:20,Pomona
51,0.06:31,0.06:46,Pomona,0.06:31,0:00:15,TeSC
51,0.07:48,0.07:50,EMS,0.07:48,0:00:02,EMSLO
51,0.08:10,0.08:30,EMSLO,0.08:10,0:00:20,CoTC
51,0.09:30,0.10:25,9thHo,0.09:30,0:00:55,Pomona
103,0.12:20,0.12:40,Pomona,0.12:20,0:00:20,Pomona
103,0.12:40,0.12:55,Pomona,0.12:40,0:00:15,TeSC
103,0.13:42,0.13:46,PHM,0.13:42,0:00:04,PHMLO
103,0.14:34,0.14:35,PHMLO,0.14:34,0:00:01,PHM
103,0.16:23,0.16:27,PHM,0.16:23,0:00:04,PHMLO
103,0.17:12,0.17:13,PHMLO,0.17:12,0:00:01,PHM
103,0.17:59,0.18:01,EMS,0.17:59,0:00:02,EMSLO
103,0.18:08,0.18:10,EMSLO,0.18:08,0:00:02,EMS
103,0.19:00,0.19:04,PHM,0.19:00,0:00:04,PHMLO
103,0.19:14,0.19:15,PHMLO,0.19:14,0:00:01,PHM
103,0.20:26,0.20:28,PTC,0.20:26,0:00:02,PTCLO
103,0.20:58,0.21:00,PTCLO,0.20:58,0:00:02,PTC
103,0.22:52,0.23:02,PTC,0.22:52,0:00:10,Pomona
53,0.06:13,0.06:33,Pomona,0.06:13,0:00:20,Pomona
53,0.06:33,0.06:48,Pomona,0.06:33,0:00:15,MTC
53,0.08:21,0.09:06,9thHo,0.08:21,0:00:45,VaLO
53,0.09:23,0.09:25,VaLO,0.09:23,0:00:02,TeSC
53,0.10:12,0.10:16,PHM,0.10:12,0:00:04,PHMLO
53,0.10:24,0.10:25,PHMLO,0.10:24,0:00:01,PHM
53,0.11:12,0.11:16,TeSC,0.11:12,0:00:04,VaLO
93,0.11:16,0.11:18,VaLO,0.11:16,0:00:02,TeSC
93,0.12:49,0.12:51,EMS,0.12:49,0:00:02,EMSLO
93,0.13:08,0.13:10,EMSLO,0.13:08,0:00:02,EMS
93,0.14:00,0.14:04,PHM,0.14:00,0:00:04,PHMLO
93,0.14:12,0.14:13,PHMLO,0.14:12,0:00:01,PHM
93,0.14:56,0.14:58,EMS,0.14:56,0:00:02,EMSLO
93,0.15:08,0.15:10,EMSLO,0.15:08,0:00:02,EMS
93,0.16:01,0.16:05,PHM,0.16:01,0:00:04,PHMLO
93,0.16:59,0.17:00,PHMLO,0.16:59,0:00:01,PHM
93,0.18:33,0.18:35,PTC,0.18:33,0:00:02,PTCLO
93,0.18:58,0.19:00,PTCLO,0.18:58,0:00:02,PTC
93,0.20:52,0.21:02,PTC,0.20:52,0:00:10,Pomona
54,0.06:17,0.06:37,Pomona,0.06:17,0:00:20,Pomona
54,0.06:37,0.06:47,Pomona,0.06:37,0:00:10,PTC
54,0.07:42,0.07:44,MTC,0.07:42,0:00:02,MTCLO
54,0.07:53,0.07:55,MTCLO,0.07:53,0:00:02,MTC
54,0.09:29,0.10:04,9thHo,0.09:29,0:00:35,EMSLO
54,0.10:28,0.10:30,EMSLO,0.10:28,0:00:02,EMS
54,0.11:31,0.11:46,TeSC,0.11:31,0:00:15,Pomona
135,0.13:30,0.13:50,Pomona,0.13:30,0:00:20,Pomona
135,0.13:50,0.14:00,Pomona,0.13:50,0:00:10,PTC
135,0.15:55,0.15:57,PTC,0.15:55,0:00:02,PTCLO
135,0.16:03,0.17:03,PTCLO,0.16:03,0:01:00,Fi9t
135,0.18:22,0.18:52,SDPR,0.18:22,0:00:30,Pomona
55,0.06:30,0.06:50,Pomona,0.06:30,0:00:20,Pomona
55,0.06:50,0.07:00,Pomona,0.06:50,0:00:10,PTC
55,0.08:00,0.08:05,CTC,0.08:00,0:00:05,MTC
55,0.09:38,0.09:40,EMS,0.09:38,0:00:02,EMSLO
55,0.09:58,0.10:00,EMSLO,0.09:58,0:00:02,EMS
55,0.11:01,0.11:16,TeSC,0.11:01,0:00:15,Pomona
48,0.13:59,0.14:19,Pomona,0.13:59,0:00:20,Pomona
48,0.14:19,0.15:30,Pomona,0.14:19,0:01:11,Fi9t
48,0.16:46,0.17:01,GrPR,0.16:46,0:00:15,TeSC
48,0.18:08,0.18:10,EMS,0.18:08,0:00:02,EMSLO
48,0.18:15,0.18:17,EMSLO,0.18:15,0:00:02,EMS
48,0.19:23,0.19:38,TeSC,0.19:23,0:00:15,Pomona
56,0.06:31,0.06:51,Pomona,0.06:31,0:00:20,Pomona
56,0.06:51,0.07:06,Pomona,0.06:51,0:00:15,MTC
56,0.08:40,0.09:35,9thHo,0.08:40,0:00:55,Pomona
26,0.14:33,0.14:53,Pomona,0.14:33,0:00:20,Pomona
26,0.14:53,0.16:04,Pomona,0.14:53,0:01:11,Fi9t
26,0.17:35,0.18:35,SDPR,0.17:35,0:01:00,Fi9t
26,0.20:01,0.20:18,MTC,0.20:01,0:00:17,PTCLO
26,0.20:58,0.21:00,PTCLO,0.20:58,0:00:02,PTC
26,0.22:05,0.22:09,PHM,0.22:05,0:00:04,PHMLO
26,0.22:19,0.22:20,PHMLO,0.22:19,0:00:01,PHM
26,0.22:58,0.23:50,EMS,0.22:58,0:00:52,Pomona
57,0.06:32,0.06:52,Pomona,0.06:32,0:00:20,Pomona
57,0.06:52,0.07:07,Pomona,0.06:52,0:00:15,MTC
57,0.08:39,0.08:41,EMS,0.08:39,0:00:02,EMSLO
57,0.08:58,0.09:00,EMSLO,0.08:58,0:00:02,EMS
57,0.10:01,0.10:16,TeSC,0.10:01,0:00:15,Pomona
16,0.14:35,0.14:55,Pomona,0.14:35,0:00:20,Pomona
16,0.14:55,0.15:30,Pomona,0.14:55,0:00:35,CiGL
16,0.16:55,0.16:57,EMS,0.16:55,0:00:02,EMSLO
16,0.17:08,0.17:10,EMSLO,0.17:08,0:00:02,EMS
16,0.18:02,0.18:06,PHM,0.18:02,0:00:04,PHMLO
16,0.18:13,0.18:14,PHMLO,0.18:13,0:00:01,PHM
16,0.18:58,0.19:00,EMS,0.18:58,0:00:02,EMSLO
16,0.19:08,0.19:10,EMSLO,0.19:08,0:00:02,EMS
16,0.20:12,0.20:16,TeSC,0.20:12,0:00:04,VaLO
16,0.20:53,0.20:55,VaLO,0.20:53,0:00:02,TeSC
16,0.21:55,0.21:57,EMS,0.21:55,0:00:02,EMSLO
16,0.22:03,0.22:05,EMSLO,0.22:03,0:00:02,EMS
16,0.22:46,0.23:26,PHM,0.22:46,0:00:40,Pomona
58,0.07:05,0.07:25,Pomona,0.07:05,0:00:20,Pomona
58,0.07:25,0.07:40,Pomona,0.07:25,0:00:15,CTC
58,0.08:16,0.08:25,MoHa,0.08:16,0:00:09,MTC
58,0.09:58,0.10:00,EMS,0.09:58,0:00:02,EMSLO
58,0.10:28,0.10:30,EMSLO,0.10:28,0:00:02,EMS
58,0.11:54,0.12:34,CiGL,0.11:54,0:00:40,Pomona
20,0.14:35,0.14:55,Pomona,0.14:35,0:00:20,Pomona
20,0.14:55,0.15:35,Pomona,0.14:55,0:00:40,PHM
20,0.17:23,0.17:27,PHM,0.17:23,0:00:04,PHMLO
20,0.17:53,0.18:30,PHMLO,0.17:53,0:00:37,Fi9t
20,0.20:18,0.20:40,GrPR,0.20:18,0:00:22,MTC
20,0.22:06,0.22:58,EMS,0.22:06,0:00:52,Pomona
34,0.07:47,0.08:07,Pomona,0.07:47,0:00:20,Pomona
34,0.08:07,0.08:22,Pomona,0.08:07,0:00:15,MTC
34,0.09:55,0.10:30,9thHo,0.09:55,0:00:35,EMSLO
34,0.11:28,0.11:30,EMSLO,0.11:28,0:00:02,EMS
34,0.12:55,0.13:01,CiGL,0.12:55,0:00:06,CiCLO
34,0.13:52,0.14:00,CiCLO,0.13:52,0:00:08,CiGL
34,0.15:25,0.15:27,EMS,0.15:25,0:00:02,EMSLO
34,0.15:43,0.15:45,EMSLO,0.15:43,0:00:02,EMS
34,0.16:53,0.16:57,TeSC,0.16:53,0:00:04,VaLO
34,0.17:14,0.18:00,VaLO,0.17:14,0:00:46,Fi9t
34,0.19:09,0.19:39,GrPR,0.19:09,0:00:30,Pomona
111,0.03:20,0.03:40,Pomona,0.03:20,0:00:20,Pomona
111,0.03:40,0.04:00,Pomona,0.03:40,0:00:20,DuDs
140,0.08:44,0.09:00,ToMa,0.08:44,0:00:16,ToMa
140,0.12:53,0.13:08,ToMa,0.12:53,0:00:15,ToMa
58,0.17:09,0.17:24,ToMa,0.17:09,0:00:15,ToMa
58,0.20:24,0.20:44,DuDs,0.20:24,0:00:20,Pomona
112,0.03:25,0.03:45,Pomona,0.03:25,0:00:20,Pomona
112,0.03:45,0.04:00,Pomona,0.03:45,0:00:15,ToMa
112,0.07:43,0.08:00,ToMa,0.07:43,0:00:17,ToMa
111,0.11:47,0.12:04,ToMa,0.11:47,0:00:17,ToMa
116,0.14:00,0.14:12,ToMa,0.14:00,0:00:12,ToMa
116,0.16:08,0.16:20,ToMa,0.16:08,0:00:12,ToMa
50,0.19:14,0.19:34,DuDs,0.19:14,0:00:20,Pomona
113,0.03:50,0.04:10,Pomona,0.03:50,0:00:20,Pomona
113,0.04:10,0.04:30,Pomona,0.04:10,0:00:20,DuDs
113,0.09:04,0.09:20,ToMa,0.09:04,0:00:16,ToMa
142,0.13:26,0.13:40,ToMa,0.13:26,0:00:14,ToMa
140,0.17:41,0.17:56,ToMa,0.17:41,0:00:15,ToMa
140,0.21:44,0.21:59,ToMa,0.21:44,0:00:15,Pomona
116,0.03:55,0.04:15,Pomona,0.03:55,0:00:20,Pomona
116,0.04:15,0.04:30,Pomona,0.04:15,0:00:15,ToMa
116,0.09:08,0.09:20,DuDs,0.09:08,0:00:12,DuDs
141,0.12:19,0.12:36,ToMa,0.12:19,0:00:17,ToMa
63,0.17:42,0.17:56,DuDs,0.17:42,0:00:14,DuDs
63,0.22:44,0.22:59,ToMa,0.22:44,0:00:15,Pomona
127,0.05:00,0.05:20,Pomona,0.05:00,0:00:20,Pomona
127,0.05:20,0.05:40,Pomona,0.05:20,0:00:20,DuDs
115,0.10:27,0.10:40,ToMa,0.10:27,0:00:13,ToMa
115,0.13:43,0.13:56,DuDs,0.13:43,0:00:13,DuDs
113,0.16:54,0.17:08,ToMa,0.16:54,0:00:14,ToMa
141,0.22:12,0.22:32,DuDs,0.22:12,0:00:20,Pomona
131,0.05:05,0.05:25,Pomona,0.05:05,0:00:20,Pomona
131,0.05:25,0.05:40,Pomona,0.05:25,0:00:15,ToMa
112,0.10:31,0.10:40,DuDs,0.10:31,0:00:09,DuDs
124,0.13:43,0.13:56,ToMa,0.13:43,0:00:13,ToMa
142,0.17:56,0.18:12,ToMa,0.17:56,0:00:16,ToMa
142,0.22:14,0.22:29,ToMa,0.22:14,0:00:15,Pomona
117,0.10:36,0.10:56,Pomona,0.10:36,0:00:20,Pomona
117,0.10:56,0.11:16,Pomona,0.10:56,0:00:20,DuDs
117,0.15:18,0.15:32,DuDs,0.15:18,0:00:14,DuDs
59,0.20:27,0.20:42,ToMa,0.20:27,0:00:15,Pomona
119,0.10:41,0.11:01,Pomona,0.10:41,0:00:20,Pomona
119,0.11:01,0.11:16,Pomona,0.11:01,0:00:15,ToMa
119,0.15:20,0.15:32,ToMa,0.15:20,0:00:12,ToMa
51,0.19:32,0.19:47,ToMa,0.19:32,0:00:15,Pomona
